Date,Food,Personal care,Housing/Bills,Transport,Entertainment,Medical,Education,Other
2019-01-01,200,0,60,40,0,0,0,20
2019-01-02,150,0,0,60,200,0,0,20
2019-01-03,220,0,0,100,0,0,0,20
2019-01-04,200,0,0,20,0,0,40,30
2019-01-05,200,0,320,40,100,0,0,0
2019-01-06,300,120,0,0,0,200,0,0
2019-01-07,200,0,0,0,0,0,0,0
2019-01-08,180,0,0,20,80,0,20,0
2019-01-09,200,0,0,0,300,0,0,40
2019-01-10,180,200,40,20,0,0,60,20
2019-01-11,180,0,0,0,0,0,0,20
2019-01-12,250,0,0,130,500,0,200,0
2019-01-13,200,0,2500,0,0,0,0,0
2019-01-14,200,0,0,20,0,0,0,0
2019-01-15,0,0,0,40,0,0,0,20
2019-01-16,200,0,180,0,0,100,0,0
2019-01-17,180,80,0,0,0,0,0,40
2019-01-18,200,0,0,300,200,0,0,10
2019-01-19,220,0,0,0,0,0,80,0
2019-01-20,150,0,0,0,0,0,0,0
2019-01-21,100,0,0,0,0,0,0,20
2019-01-22,200,0,0,40,2000,0,0,0
2019-01-23,180,0,80,0,0,0,500,0
2019-01-24,200,0,0,20,0,0,0,20
2019-01-25,200,0,0,20,0,0,0,10
2019-01-26,250,0,0,40,0,0,0,0
2019-01-27,180,0,0,0,0,0,0,0
2019-01-28,180,0,0,0,0,0,300,0
2019-01-29,200,0,0,40,0,0,0,20
2019-01-30,200,0,0,40,0,0,0,40
2019-01-31,200,100,25,20,200,0,0,0
2019-02-01,0,35,0,0,100,0,0,10
2019-02-02,220,0,0,20,0,500,0,80
2019-02-03,170,0,0,10,0,0,10000,20
2019-02-04,160,0,0,15,0,0,0,0
2019-02-05,100,0,0,40,0,0,0,0
2019-02-06,200,0,0,0,200,0,200,0
2019-02-07,200,0,0,0,0,0,0,0
2019-02-08,250,0,340,0,0,0,0,20
2019-02-09,200,500,0,15,0,0,0,10
2019-02-10,180,0,0,20,0,0,0,10
2019-02-11,180,0,0,0,240,0,0,0
2019-02-12,180,0,0,0,0,0,0,10
2019-02-13,200,0,0,30,0,200,0,20
2019-02-14,80,0,0,60,0,0,0,0
2019-02-15,200,0,0,0,0,0,0,10
2019-02-16,180,0,2800,25,0,0,0,0
2019-02-17,190,0,0,25,0,0,0,0
2019-02-18,195,200,0,15,0,0,0,0
2019-02-19,225,0,0,0,0,0,0,100
2019-02-20,205,0,80,15,100,0,0,0
2019-02-21,110,0,0,0,0,0,0,0
2019-02-22,180,0,0,15,0,0,0,0
2019-02-23,180,0,0,60,0,0,0,20
2019-02-24,200,0,200,0,0,0,0,20
2019-02-25,200,0,0,0,0,0,0,10
2019-02-26,190,140,0,0,0,0,0,10
2019-02-27,150,0,0,0,0,0,0,0
2019-02-28,250,0,0,15,0,0,0,0
2019-03-01,180,0,0,5,0,0,0,10
2019-03-02,300,0,0,15,0,0,0,0
2019-03-03,180,0,0,40,0,0,0,10
2019-03-04,200,60,0,40,0,0,0,35
2019-03-05,200,0,0,40,200,0,0,0
2019-03-06,200,0,300,40,0,0,0,0
2019-03-07,200,0,0,40,0,200,0,0
2019-03-08,0,0,0,20,0,0,0,0
2019-03-09,0,0,0,20,300,0,70,20
2019-03-10,0,0,0,15,0,0,0,0
2019-03-11,220,0,0,10,0,0,0,0
2019-03-12,180,200,0,5,0,0,0,0
2019-03-13,180,0,2800,20,0,0,0,30
2019-03-14,190,0,0,15,0,0,0,0
2019-03-15,190,0,0,40,0,0,0,0
2019-03-16,50,500,0,40,1000,0,0,0
2019-03-17,120,0,0,40,0,0,0,0
2019-03-18,100,0,0,0,0,0,0,0
2019-03-19,200,0,0,0,0,0,0,0
2019-03-20,200,0,0,0,0,0,0,0
2019-03-21,200,0,0,0,0,0,0,0
2019-03-22,160,0,0,40,0,0,0,0
2019-03-23,180,0,0,20,0,0,100,0
2019-03-24,180,35,0,30,0,0,0,0
2019-03-25,200,0,180,20,0,0,0,0
2019-03-26,210,0,0,20,0,0,0,0
2019-03-27,200,0,0,300,0,0,0,0
2019-03-28,200,60,0,0,0,0,0,20
2019-03-29,200,0,0,200,0,0,0,0
2019-03-30,300,0,0,40,0,0,0,0
2019-03-31,100,0,0,40,0,0,0,0
2019-04-01,180,0,0,0,0,0,0,10
2019-04-02,0,0,0,0,0,0,0,0
2019-04-03,0,0,0,0,0,0,0,0
2019-04-04,0,0,0,0,0,0,0,0
2019-04-05,200,0,0,20,0,0,0,0
2019-04-06,200,0,0,0,0,0,0,0
2019-04-07,200,0,280,0,0,0,0,0
2019-04-08,200,0,0,0,0,1000,0,0
2019-04-09,200,0,0,0,0,0,0,0
2019-04-10,200,0,0,20,0,0,0,20
2019-04-11,200,0,0,20,0,0,0,20
2019-04-12,200,0,0,0,0,0,0,20
2019-04-13,220,0,0,0,0,0,0,0
2019-04-14,240,0,0,0,200,0,0,0
2019-04-15,0,0,0,0,0,0,0,0
2019-04-16,180,0,0,20,0,0,0,30
2019-04-17,180,0,0,0,0,0,0,0
2019-04-18,190,0,2900,0,0,0,0,0
2019-04-19,200,0,0,0,0,0,0,0
2019-04-20,200,0,0,20,0,0,0,0
2019-04-21,200,0,0,20,0,200,0,20
2019-04-22,100,200,0,0,0,0,100,0
2019-04-23,80,0,0,0,0,0,0,0
2019-04-24,200,0,0,0,100,0,0,0
2019-04-25,200,0,0,0,0,0,0,0
2019-04-26,220,0,0,0,0,0,0,0
2019-04-27,300,0,0,40,0,0,0,0
2019-04-28,200,0,180,0,0,0,0,20
2019-04-29,200,0,0,0,0,0,0,0
2019-04-30,200,0,0,0,0,0,0,0
2019-05-01,200,0,0,0,0,0,0,0
2019-05-02,200,0,0,0,0,0,0,0
2019-05-03,200,0,0,0,0,0,0,0
2019-05-04,190,0,0,15,0,0,0,0
2019-05-05,180,0,0,20,0,0,0,0
2019-05-06,180,0,300,40,0,0,0,0
2019-05-07,200,0,0,0,0,0,0,0
2019-05-08,200,0,0,0,300,0,0,0
2019-05-09,0,0,0,0,0,0,0,0
2019-05-10,200,0,0,20,0,0,0,0
2019-05-11,0,0,4000,0,0,0,0,0
2019-05-12,200,0,0,0,0,0,0,0
2019-05-13,200,0,0,0,0,0,0,0
2019-05-14,180,0,0,20,0,0,0,0
2019-05-15,200,200,400,15,0,0,0,0
2019-05-16,150,0,0,100,200,0,0,0
2019-05-17,200,0,0,50,0,0,0,0
2019-05-18,200,0,0,0,0,0,0,0
2019-05-19,200,0,0,0,0,0,0,20
2019-05-20,280,0,220,0,0,0,0,0
2019-05-21,290,0,0,30,0,0,0,0
2019-05-22,200,0,0,5,0,0,0,0
2019-05-23,200,0,0,25,0,0,0,0
2019-05-24,200,0,0,60,0,0,0,0
2019-05-25,200,0,0,0,0,0,0,0
2019-05-26,290,0,0,0,0,0,0,20
2019-05-27,250,0,0,0,0,0,0,20
2019-05-28,200,0,0,0,0,0,0,0
2019-05-29,200,0,0,15,0,0,0,0
2019-05-30,200,0,0,0,0,0,0,0
2019-05-31,200,0,0,0,0,0,0,0
2019-06-01,100,0,0,10,0,0,0,0
2019-06-02,200,0,0,0,0,0,0,0
2019-06-03,200,0,0,0,0,0,0,0
2019-06-04,300,0,0,20,0,0,0,0
2019-06-05,600,0,0,40,0,0,0,0
2019-06-06,80,0,0,40,0,0,0,0
2019-06-07,100,0,0,20,0,0,0,0
2019-06-08,200,0,0,40,0,0,0,0
2019-06-09,0,0,0,0,0,0,0,0
2019-06-10,0,0,320,0,0,0,200,0
2019-06-11,0,0,0,40,500,0,0,0
2019-06-12,200,0,0,10,0,0,0,0
2019-06-13,80,0,0,5,0,0,0,0
2019-06-14,90,0,0,15,0,0,0,0
2019-06-15,200,0,0,0,200,0,0,0
2019-06-16,180,0,4000,0,0,0,0,0
2019-06-17,190,0,0,40,0,0,0,0
2019-06-18,200,200,0,200,0,0,0,0
2019-06-19,200,0,0,0,0,0,0,0
2019-06-20,200,0,0,0,0,80,0,0
2019-06-21,0,0,0,0,0,0,0,20
2019-06-22,0,0,0,20,0,0,0,0
2019-06-23,200,400,0,0,0,0,0,0
2019-06-24,200,0,0,0,0,0,0,0
2019-06-25,230,0,180,0,0,0,0,20
2019-06-26,220,0,0,0,0,0,0,40
2019-06-27,200,0,0,0,0,0,0,0
2019-06-28,200,0,0,0,0,0,0,0
2019-06-29,200,0,0,0,0,0,0,0
2019-06-30,150,0,0,20,0,0,0,0
2019-07-01,200,0,0,20,0,0,0,0
2019-07-02,98,15,171,48,51,24,79,58
2019-07-03,108,7,129,49,37,21,60,57
2019-07-04,80,36,74,22,15,11,93,33
2019-07-05,63,18,113,34,62,16,41,10
2019-07-06,88,23,94,28,63,48,63,22
2019-07-07,119,11,145,41,27,43,41,13
2019-07-08,72,29,163,40,25,47,53,59
2019-07-09,82,27,189,38,61,29,38,53
2019-07-10,142,37,50,53,67,10,27,64
2019-07-11,46,23,184,21,39,40,54,32
2019-07-12,104,21,148,47,31,40,90,69
2019-07-13,47,30,186,37,77,19,59,24
2019-07-14,118,32,70,31,43,16,87,12
2019-07-15,143,18,116,38,59,49,24,31
2019-07-16,111,22,87,17,48,47,83,34
2019-07-17,108,39,75,48,53,10,63,61
2019-07-18,103,27,186,28,66,28,62,76
2019-07-19,116,19,86,41,31,20,27,18
2019-07-20,77,25,69,42,53,25,83,58
2019-07-21,118,26,160,50,52,17,68,34
2019-07-22,47,13,100,29,17,28,46,59
2019-07-23,84,37,186,55,52,11,78,24
2019-07-24,111,29,99,33,64,12,59,74
2019-07-25,31,37,86,37,65,38,79,15
2019-07-26,114,12,150,38,74,40,96,47
2019-07-27,63,18,136,57,26,33,52,28
2019-07-28,31,20,136,18,26,41,29,23
2019-07-29,52,9,184,38,32,38,35,66
2019-07-30,84,7,157,38,27,29,54,37
2019-07-31,105,34,135,55,46,17,97,41
2019-08-01,141,22,136,23,46,36,80,30
2019-08-02,118,24,92,39,78,20,52,10
2019-08-03,134,6,100,33,61,32,90,79
2019-08-04,77,36,173,26,55,13,97,52
2019-08-05,149,33,172,48,74,36,88,61
2019-08-06,51,24,186,59,28,37,98,67
2019-08-07,60,23,110,49,59,23,21,43
2019-08-08,53,36,130,30,18,29,46,57
2019-08-09,84,33,114,22,41,18,29,61
2019-08-10,113,18,131,21,49,18,67,50
2019-08-11,92,39,103,27,20,15,51,74
2019-08-12,130,30,62,17,35,12,74,37
2019-08-13,77,19,181,11,22,49,29,44
2019-08-14,127,6,152,27,15,37,47,25
2019-08-15,70,25,143,59,64,16,61,68
2019-08-16,130,13,191,41,75,19,55,69
2019-08-17,93,9,143,39,39,13,51,58
2019-08-18,34,19,71,23,76,42,90,29
2019-08-19,50,12,146,35,70,30,59,77
2019-08-20,73,29,112,53,70,28,61,63
2019-08-21,117,19,117,12,58,17,59,37
2019-08-22,92,29,167,19,56,10,23,53
2019-08-23,39,36,170,20,15,48,49,16
2019-08-24,68,13,55,49,66,38,66,13
2019-08-25,70,5,77,11,23,12,70,46
2019-08-26,85,39,78,38,78,40,62,53
2019-08-27,119,29,73,17,68,40,49,71
2019-08-28,32,29,56,23,78,39,24,64
2019-08-29,117,23,157,14,33,39,80,68
2019-08-30,141,23,123,56,73,45,21,12
2019-08-31,126,11,171,23,61,44,96,75
2019-09-01,113,21,80,42,16,17,92,15
2019-09-02,139,27,198,22,22,25,82,70
2019-09-03,72,19,152,26,36,26,86,15
2019-09-04,53,37,125,18,20,18,74,48
2019-09-05,112,31,110,48,42,30,75,72
2019-09-06,90,35,175,30,33,37,25,54
2019-09-07,113,14,143,17,31,47,36,77
2019-09-08,54,15,168,17,17,38,41,28
2019-09-09,86,11,89,26,46,43,68,70
2019-09-10,126,13,118,23,74,21,41,69
2019-09-11,132,31,79,22,67,38,73,13
2019-09-12,114,30,180,33,24,36,85,68
2019-09-13,83,18,155,39,69,35,99,15
2019-09-14,106,29,166,44,58,39,51,50
2019-09-15,83,25,120,40,15,23,44,38
2019-09-16,99,30,68,56,38,31,50,58
2019-09-17,49,23,191,46,52,46,58,47
2019-09-18,75,16,98,54,34,10,63,56
2019-09-19,92,22,63,11,36,19,63,59
2019-09-20,146,27,109,33,52,22,44,25
2019-09-21,110,7,111,56,47,43,42,63
2019-09-22,125,30,152,31,69,44,34,51
2019-09-23,89,32,194,21,35,38,86,51
2019-09-24,30,23,189,18,54,42,59,27
2019-09-25,60,16,123,56,46,10,84,75
2019-09-26,68,36,130,47,52,47,94,64
2019-09-27,124,23,139,41,37,44,48,30
2019-09-28,128,35,59,10,23,21,63,42
2019-09-29,135,14,159,12,51,43,97,49
2019-09-30,112,39,63,41,75,12,56,39
2019-10-01,111,37,159,44,73,13,39,39
2019-10-02,90,6,61,56,56,35,21,52
2019-10-03,80,22,160,44,49,19,80,48
2019-10-04,98,15,107,46,63,10,71,46
2019-10-05,77,17,75,26,45,27,41,10
2019-10-06,105,22,176,27,16,11,84,10
2019-10-07,40,6,91,17,43,16,77,21
2019-10-08,81,16,155,37,71,35,22,15
2019-10-09,77,16,156,42,74,43,34,69
2019-10-10,143,17,162,10,32,35,46,16
2019-10-11,42,15,112,52,79,11,44,29
2019-10-12,59,11,175,57,42,39,26,11
2019-10-13,74,11,185,56,34,23,70,13
2019-10-14,91,30,183,50,58,23,61,62
2019-10-15,53,30,158,30,32,44,32,14
2019-10-16,123,21,59,49,47,15,59,30
2019-10-17,81,32,96,19,29,33,99,73
2019-10-18,106,31,191,35,69,22,41,62
2019-10-19,111,39,73,21,51,37,34,15
2019-10-20,141,26,60,31,57,11,70,66
2019-10-21,61,24,182,25,23,18,55,47
2019-10-22,85,15,138,21,73,26,27,71
2019-10-23,61,20,141,44,77,37,20,48
2019-10-24,139,12,171,41,45,44,57,24
2019-10-25,126,19,161,15,73,27,64,66
2019-10-26,108,20,139,41,47,20,90,62
2019-10-27,117,34,90,42,76,26,26,69
2019-10-28,103,31,114,34,55,12,33,19
2019-10-29,126,24,148,41,48,44,73,76
2019-10-30,139,29,125,30,17,20,64,43
2019-10-31,81,8,171,28,48,38,56,20
2019-11-01,131,24,161,21,38,27,97,29
2019-11-02,73,29,70,55,49,21,93,47
2019-11-03,37,37,102,15,71,11,77,54
2019-11-04,125,17,148,56,23,17,55,21
2019-11-05,69,37,143,32,17,23,85,57
2019-11-06,67,13,119,14,17,12,68,42
2019-11-07,108,28,156,58,74,47,64,37
2019-11-08,118,8,127,19,42,24,87,22
2019-11-09,76,26,154,47,71,33,86,73
2019-11-10,93,22,94,13,49,28,25,35
2019-11-11,100,5,167,31,39,32,33,19
2019-11-12,52,19,120,31,24,46,83,21
2019-11-13,93,15,135,53,66,25,96,19
2019-11-14,131,16,179,48,32,38,93,13
2019-11-15,80,17,110,19,67,44,35,22
2019-11-16,39,25,95,54,42,43,71,36
2019-11-17,44,5,183,20,72,41,72,50
2019-11-18,85,26,161,46,65,13,51,74
2019-11-19,70,21,76,45,55,49,32,21
2019-11-20,97,19,152,52,38,24,80,22
2019-11-21,64,20,122,14,50,35,47,75
2019-11-22,62,20,122,56,47,30,72,44
2019-11-23,90,17,138,35,47,26,76,41
2019-11-24,125,35,97,44,17,36,54,40
2019-11-25,40,34,194,12,49,29,40,17
2019-11-26,45,21,130,21,44,49,56,25
2019-11-27,67,13,145,19,60,31,76,62
2019-11-28,111,10,136,33,21,40,99,13
2019-11-29,69,27,186,18,36,28,67,17
2019-11-30,31,26,194,41,76,46,66,43
2019-12-01,95,31,126,56,60,42,56,39
2019-12-02,116,38,191,11,55,41,87,69
2019-12-03,98,25,186,32,70,27,88,17
2019-12-04,102,5,131,17,68,28,98,69
2019-12-05,127,39,153,50,62,22,41,52
2019-12-06,79,22,117,44,65,44,87,47
2019-12-07,88,18,76,51,29,46,68,51
2019-12-08,118,21,118,34,70,26,51,60
2019-12-09,105,29,119,54,65,34,79,42
2019-12-10,49,27,176,21,53,11,65,33
2019-12-11,97,6,54,44,71,23,64,21
2019-12-12,140,26,99,57,16,15,56,39
2019-12-13,77,29,193,51,22,10,46,51
2019-12-14,99,21,63,55,64,36,81,56
2019-12-15,125,9,120,17,35,49,66,35
2019-12-16,107,14,130,57,74,36,81,68
2019-12-17,149,30,81,21,19,44,38,62
2019-12-18,144,16,83,42,50,18,97,76
2019-12-19,109,23,118,21,51,23,73,25
2019-12-20,80,28,137,41,38,39,89,52
2019-12-21,88,14,78,30,63,48,87,40
2019-12-22,136,20,122,42,39,13,79,16
2019-12-23,126,26,162,33,20,20,60,12
2019-12-24,134,23,129,57,51,40,71,37
2019-12-25,36,20,83,51,49,40,66,27
2019-12-26,41,16,187,35,57,47,57,16
2019-12-27,92,22,104,12,17,28,29,66
2019-12-28,118,39,65,28,79,19,92,61
2019-12-29,56,39,53,33,70,33,43,16
2019-12-30,112,7,180,58,63,45,43,21
2019-12-31,133,38,121,11,54,45,88,77
2020-01-01,70,31,193,23,61,38,54,69
2020-01-02,300,0,0,15,0,0,0,0
2020-01-03,180,0,0,40,0,0,0,10
2020-01-04,200,60,0,40,0,0,0,35
2020-01-05,200,0,0,40,200,0,0,0
2020-01-06,200,0,300,40,0,0,0,0
2020-01-07,200,0,0,40,0,200,0,0
2020-01-08,0,0,0,20,0,0,0,0
2020-01-09,0,0,0,20,300,0,70,20
2020-01-10,0,0,0,15,0,0,0,0
2020-01-11,220,0,0,10,0,0,0,0
2020-01-12,180,200,0,5,0,0,0,0
2020-01-13,180,0,2800,20,0,0,0,30
2020-01-14,190,0,0,15,0,0,0,0
2020-01-15,190,0,0,40,0,0,0,0
2020-01-16,50,500,0,40,1000,0,0,0
2020-01-17,120,0,0,40,0,0,0,0
2020-01-18,100,0,0,0,0,0,0,0
2020-01-19,200,0,0,0,0,0,0,0
2020-01-20,200,0,0,0,0,0,0,0
2020-01-21,200,0,0,0,0,0,0,0
2020-01-22,160,0,0,40,0,0,0,0
2020-01-23,180,0,0,20,0,0,100,0
2020-01-24,180,35,0,30,0,0,0,0
2020-01-25,200,0,180,20,0,0,0,0
2020-01-26,210,0,0,20,0,0,0,0
2020-01-27,200,0,0,300,0,0,0,0
2020-01-28,200,60,0,0,0,0,0,20
2020-01-29,200,0,0,200,0,0,0,0
2020-01-30,300,0,0,40,0,0,0,0
2020-01-31,100,0,0,40,0,0,0,0
2020-02-01,200,0,100,40,0,0,0,20
2020-02-02,200,0,0,0,0,0,0,0
2020-02-03,200,0,0,0,0,0,0,0
2020-02-04,190,0,0,15,0,0,0,0
2020-02-05,180,0,0,20,0,0,0,0
2020-02-06,180,0,300,40,0,0,0,0
2020-02-07,200,0,0,0,0,0,0,0
2020-02-08,200,0,0,0,300,0,0,0
2020-02-09,0,0,0,0,0,0,0,0
2020-02-10,200,0,0,20,0,0,0,0
2020-02-11,0,0,4000,0,0,0,0,0
2020-02-12,200,0,0,0,0,0,0,0
2020-02-13,200,0,0,0,0,0,0,0
2020-02-14,180,0,0,20,0,0,0,0
2020-02-15,200,200,400,15,0,0,0,0
2020-02-16,150,0,0,100,200,0,0,0
2020-02-17,200,0,0,50,0,0,0,0
2020-02-18,200,0,0,0,0,0,0,0
2020-02-19,200,0,0,0,0,0,0,20
2020-02-20,280,0,220,0,0,0,0,0
2020-02-21,290,0,0,30,0,0,0,0
2020-02-22,200,0,0,5,0,0,0,0
2020-02-23,200,0,0,25,0,0,0,0
2020-02-24,200,0,0,60,0,0,0,0
2020-02-25,200,0,0,0,0,0,0,0
2020-02-26,290,0,0,0,0,0,0,20
2020-02-27,250,0,0,0,0,0,0,20
2020-02-28,200,0,0,0,0,0,0,0
2020-02-29,200,0,0,15,0,0,0,0
2020-03-01,200,0,0,0,0,0,0,0
2020-03-02,200,0,0,0,0,0,0,0
2020-03-03,68,38,163,39,17,19,76,69
2020-03-04,106,33,52,44,16,28,27,25
2020-03-05,36,17,77,35,38,30,32,78
2020-03-06,124,22,115,55,16,39,68,54
2020-03-07,123,19,93,58,60,35,61,52
2020-03-08,60,5,113,25,75,46,92,28
2020-03-09,140,17,121,30,37,39,81,53
2020-03-10,98,29,128,42,29,20,58,43
2020-03-11,147,6,53,23,55,13,24,13
2020-03-12,38,35,141,39,46,39,72,50
2020-03-13,136,37,125,23,25,12,33,50
2020-03-14,54,24,74,30,62,42,86,26
2020-03-15,74,21,83,55,78,21,20,55
2020-03-16,133,32,89,37,32,14,33,17
2020-03-17,38,34,149,28,37,25,62,10
2020-03-18,52,26,51,20,71,42,51,26
2020-03-19,101,37,54,50,17,23,59,50
2020-03-20,79,24,84,52,68,15,46,24
2020-03-21,145,25,172,13,30,26,83,38
2020-03-22,78,24,142,40,77,20,26,21
2020-03-23,45,10,115,17,51,27,62,17
2020-03-24,32,38,79,50,57,38,42,73
2020-03-25,114,29,189,21,44,31,75,19
2020-03-26,65,31,60,41,16,19,76,43
2020-03-27,130,21,59,52,23,35,21,60
2020-03-28,66,14,77,52,42,41,69,73
2020-03-29,68,10,84,51,68,15,91,34
2020-03-30,127,37,176,30,75,15,60,27
2020-03-31,91,6,60,10,77,21,72,66
2020-04-01,129,24,118,36,26,32,63,60
2020-04-02,110,15,163,54,22,19,69,54
2020-04-03,122,32,112,27,43,23,69,53
2020-04-04,95,12,186,17,32,27,55,69
2020-04-05,39,7,54,11,70,18,54,32
2020-04-06,111,32,119,47,50,29,95,26
2020-04-07,63,30,155,34,17,37,48,47
2020-04-08,112,23,152,27,16,29,49,45
2020-04-09,134,5,82,53,36,35,80,61
2020-04-10,60,30,120,47,54,20,73,59
2020-04-11,99,29,54,38,33,49,45,32
2020-04-12,62,38,50,15,60,10,67,21
2020-04-13,70,31,167,21,32,34,55,66
2020-04-14,32,16,64,37,21,17,30,48
2020-04-15,118,22,122,50,16,27,56,37
2020-04-16,53,30,181,59,39,43,31,18
2020-04-17,139,31,157,55,28,45,72,51
2020-04-18,44,31,55,59,26,17,22,20
2020-04-19,149,29,72,21,50,49,44,37
2020-04-20,50,18,83,12,79,48,80,12
2020-04-21,30,8,188,26,59,28,59,63
2020-04-22,93,33,143,36,40,24,20,27
2020-04-23,123,35,155,33,56,46,89,61
2020-04-24,74,15,188,30,74,40,61,63
2020-04-25,56,18,58,25,65,11,56,50
2020-04-26,97,29,85,13,55,39,20,23
2020-04-27,67,15,117,21,15,28,90,37
2020-04-28,72,18,51,20,53,17,57,37
2020-04-29,54,21,172,40,18,17,35,59
2020-04-30,43,14,145,23,32,13,37,57
2020-05-01,33,5,198,33,43,17,82,27
2020-05-02,113,22,59,31,16,40,40,44
2020-05-03,96,30,159,11,27,20,87,14
2020-05-04,80,20,106,50,50,24,34,19
2020-05-05,66,36,124,31,46,21,94,52
2020-05-06,52,16,192,42,26,33,56,33
2020-05-07,136,39,159,34,48,49,88,32
2020-05-08,111,30,114,53,65,21,48,67
2020-05-09,119,32,93,38,64,49,87,72
2020-05-10,44,18,150,36,71,29,94,21
2020-05-11,147,17,100,53,61,11,61,76
2020-05-12,117,18,152,53,42,44,44,62
2020-05-13,44,28,118,51,55,28,95,74
2020-05-14,64,14,166,16,78,19,57,67
2020-05-15,142,22,174,59,77,38,87,58
2020-05-16,105,11,157,58,62,15,42,28
2020-05-17,67,14,152,17,55,32,69,66
2020-05-18,82,38,155,41,21,11,87,76
2020-05-19,74,22,180,17,17,48,68,17
2020-05-20,70,20,163,11,33,14,96,32
2020-05-21,147,27,161,23,54,42,24,70
2020-05-22,84,26,181,44,78,49,22,41
2020-05-23,142,19,194,50,45,37,23,30
2020-05-24,145,19,67,33,58,40,73,71
2020-05-25,126,34,83,43,65,26,90,24
2020-05-26,51,5,174,58,58,36,57,29
2020-05-27,143,29,70,37,53,46,50,37
2020-05-28,96,5,188,11,61,28,24,48
2020-05-29,139,23,164,18,68,21,45,58
2020-05-30,45,29,125,19,46,30,76,72
2020-05-31,147,20,66,19,52,12,46,62
2020-06-01,0,0,0,0,0,0,0,0
2020-06-02,0,0,0,0,0,0,0,0
2020-06-03,0,0,0,0,0,0,0,0
2020-06-04,200,0,0,20,0,0,0,0
2020-06-05,200,0,0,0,0,0,0,0
2020-06-06,200,0,280,0,0,0,0,0
2020-06-07,200,0,0,0,0,1000,0,0
2020-06-08,200,0,0,0,0,0,0,0
2020-06-09,200,0,0,20,0,0,0,20
2020-06-10,200,0,0,20,0,0,0,20
2020-06-11,200,0,0,0,0,0,0,20
2020-06-12,220,0,0,0,0,0,0,0
2020-06-13,240,0,0,0,200,0,0,0
2020-06-14,0,0,0,0,0,0,0,0
2020-06-15,180,0,0,20,0,0,0,30
2020-06-16,180,0,0,0,0,0,0,0
2020-06-17,190,0,2900,0,0,0,0,0
2020-06-18,200,0,0,0,0,0,0,0
2020-06-19,200,0,0,20,0,0,0,0
2020-06-20,200,0,0,20,0,200,0,20
2020-06-21,100,200,0,0,0,0,100,0
2020-06-22,80,0,0,0,0,0,0,0
2020-06-23,200,0,0,0,100,0,0,0
2020-06-24,200,0,0,0,0,0,0,0
2020-06-25,220,0,0,0,0,0,0,0
2020-06-26,300,0,0,40,0,0,0,0
2020-06-27,200,0,180,0,0,0,0,20
2020-06-28,200,0,0,0,0,0,0,0
2020-06-29,200,0,0,0,0,0,0,0
2020-06-30,200,0,0,0,0,0,0,0
2020-07-01,146,22,54,16,56,38,98,32
2020-07-02,43,20,127,38,22,20,86,69
2020-07-03,103,28,144,14,20,12,39,52
2020-07-04,72,28,50,17,32,20,67,43
2020-07-05,84,16,93,33,34,33,32,74
2020-07-06,118,14,187,39,78,41,46,35
2020-07-07,60,28,113,41,31,35,68,47
2020-07-08,125,17,161,14,69,26,22,19
2020-07-09,64,7,168,12,74,13,49,13
2020-07-10,44,23,73,25,79,20,75,74
2020-07-11,70,39,117,36,20,27,20,71
2020-07-12,140,27,78,31,23,22,31,51
2020-07-13,94,30,91,24,18,13,82,65
2020-07-14,66,35,119,41,41,45,96,74
2020-07-15,145,11,97,42,20,15,29,38
2020-07-16,35,31,122,11,78,22,73,18
2020-07-17,112,32,121,38,73,21,51,49
2020-07-18,58,37,53,48,71,42,50,13
2020-07-19,137,31,119,51,71,14,99,44
2020-07-20,74,17,118,54,55,10,61,17
2020-07-21,145,19,129,20,30,10,69,44
2020-07-22,56,26,180,59,22,39,67,38
2020-07-23,110,24,133,49,34,33,24,42
2020-07-24,78,37,184,13,30,43,84,19
2020-07-25,109,10,156,53,70,42,30,26
2020-07-26,30,12,172,38,37,15,75,69
2020-07-27,64,11,195,10,33,12,99,50
2020-07-28,132,11,167,55,30,44,62,60
2020-07-29,126,24,112,33,35,16,96,72
2020-07-30,105,9,122,19,40,20,74,36
2020-07-31,123,25,169,32,52,47,71,27
2020-08-01,0,35,0,0,100,0,0,10
2020-08-02,220,0,0,20,0,500,0,80
2020-08-03,170,0,0,10,0,0,10000,20
2020-08-04,160,0,0,15,0,0,0,0
2020-08-05,100,0,0,40,0,0,0,0
2020-08-06,200,0,0,0,200,0,200,0
2020-08-07,200,0,0,0,0,0,0,0
2020-08-08,250,0,340,0,0,0,0,20
2020-08-09,200,500,0,15,0,0,0,10
2020-08-10,180,0,0,20,0,0,0,10
2020-08-11,180,0,0,0,240,0,0,0
2020-08-12,180,0,0,0,0,0,0,10
2020-08-13,200,0,0,30,0,200,0,20
2020-08-14,80,0,0,60,0,0,0,0
2020-08-15,200,0,0,0,0,0,0,10
2020-08-16,180,0,2800,25,0,0,0,0
2020-08-17,190,0,0,25,0,0,0,0
2020-08-18,195,200,0,15,0,0,0,0
2020-08-19,225,0,0,0,0,0,0,100
2020-08-20,205,0,80,15,100,0,0,0
2020-08-21,110,0,0,0,0,0,0,0
2020-08-22,180,0,0,15,0,0,0,0
2020-08-23,180,0,0,60,0,0,0,20
2020-08-24,200,0,200,0,0,0,0,20
2020-08-25,200,0,0,0,0,0,0,10
2020-08-26,190,140,0,0,0,0,0,10
2020-08-27,150,0,0,0,0,0,0,0
2020-08-28,250,0,0,15,0,0,0,0
2020-08-29,180,0,0,5,0,0,0,10
2020-08-30,200,0,0,0,0,0,120,0
2020-08-31,180,0,0,15,0,0,0,0
2020-09-01,200,0,0,0,0,0,0,0
2020-09-02,200,0,0,0,0,0,0,0
2020-09-03,300,0,0,20,0,0,0,0
2020-09-04,600,0,0,40,0,0,0,0
2020-09-05,80,0,0,40,0,0,0,0
2020-09-06,100,0,0,20,0,0,0,0
2020-09-07,200,0,0,40,0,0,0,0
2020-09-08,0,0,0,0,0,0,0,0
2020-09-09,0,0,320,0,0,0,200,0
2020-09-10,0,0,0,40,500,0,0,0
2020-09-11,200,0,0,10,0,0,0,0
2020-09-12,80,0,0,5,0,0,0,0
2020-09-13,90,0,0,15,0,0,0,0
2020-09-14,200,0,0,0,200,0,0,0
2020-09-15,180,0,4000,0,0,0,0,0
2020-09-16,190,0,0,40,0,0,0,0
2020-09-17,200,200,0,200,0,0,0,0
2020-09-18,200,0,0,0,0,0,0,0
2020-09-19,200,0,0,0,0,80,0,0
2020-09-20,0,0,0,0,0,0,0,20
2020-09-21,0,0,0,20,0,0,0,0
2020-09-22,200,400,0,0,0,0,0,0
2020-09-23,200,0,0,0,0,0,0,0
2020-09-24,230,0,180,0,0,0,0,20
2020-09-25,220,0,0,0,0,0,0,40
2020-09-26,200,0,0,0,0,0,0,0
2020-09-27,200,0,0,0,0,0,0,0
2020-09-28,200,0,0,0,0,0,0,0
2020-09-29,150,0,0,20,0,0,0,0
2020-09-30,200,0,0,20,0,0,0,0
2020-10-01,200,0,60,40,0,0,0,20
2020-10-02,150,0,0,60,200,0,0,20
2020-10-03,220,0,0,100,0,0,0,20
2020-10-04,200,0,0,20,0,0,40,30
2020-10-05,200,0,320,40,100,0,0,0
2020-10-06,300,120,0,0,0,200,0,0
2020-10-07,200,0,0,0,0,0,0,0
2020-10-08,180,0,0,20,80,0,20,0
2020-10-09,200,0,0,0,300,0,0,40
2020-10-10,180,200,40,20,0,0,60,20
2020-10-11,180,0,0,0,0,0,0,20
2020-10-12,250,0,0,130,500,0,200,0
2020-10-13,200,0,3000,0,0,0,0,0
2020-10-14,200,0,0,20,0,0,0,0
2020-10-15,0,0,0,40,0,0,0,20
2020-10-16,200,0,180,0,0,100,0,0
2020-10-17,180,80,0,0,0,0,0,40
2020-10-18,200,0,0,300,200,0,0,10
2020-10-19,220,0,0,0,0,0,80,0
2020-10-20,150,0,0,0,0,0,0,0
2020-10-21,100,0,0,0,0,0,0,20
2020-10-22,200,0,0,40,2000,0,0,0
2020-10-23,180,0,80,0,0,0,500,0
2020-10-24,200,0,0,20,0,0,0,20
2020-10-25,200,0,0,20,0,0,0,10
2020-10-26,250,0,0,40,0,0,0,0
2020-10-27,180,0,0,0,0,0,0,0
2020-10-28,180,0,0,0,0,0,300,0
2020-10-29,200,0,0,40,0,0,0,20
2020-10-30,200,0,0,40,0,0,0,40
2020-10-31,180,25,0,0,100,0,0,0
2020-11-01,73,8,72,12,41,48,42,23
2020-11-02,106,13,141,41,37,16,65,29
2020-11-03,58,36,132,55,56,34,65,35
2020-11-04,72,30,160,41,40,38,42,28
2020-11-05,53,5,96,28,31,16,94,71
2020-11-06,88,11,168,16,51,20,23,44
2020-11-07,73,17,111,45,75,38,51,26
2020-11-08,111,34,165,54,72,30,58,59
2020-11-09,46,35,52,46,72,37,82,16
2020-11-10,99,6,122,39,35,41,70,59
2020-11-11,119,14,157,14,63,30,31,29
2020-11-12,133,11,61,13,16,33,45,69
2020-11-13,53,5,101,59,60,36,75,32
2020-11-14,74,9,75,18,58,42,77,53
2020-11-15,110,21,112,46,55,24,44,14
2020-11-16,116,33,172,44,67,42,74,71
2020-11-17,91,21,107,28,65,44,86,59
2020-11-18,59,38,151,49,36,40,67,58
2020-11-19,40,18,125,21,34,27,27,26
2020-11-20,83,14,185,26,64,32,97,43
2020-11-21,34,36,129,25,41,31,76,36
2020-11-22,138,20,83,29,75,19,99,38
2020-11-23,44,30,118,44,37,24,31,48
2020-11-24,49,37,113,32,28,17,23,32
2020-11-25,49,16,118,57,50,23,38,15
2020-11-26,146,36,98,43,38,22,80,32
2020-11-27,33,34,91,11,28,16,74,10
2020-11-28,87,35,113,17,48,21,89,26
2020-11-29,54,32,179,56,27,41,74,78
2020-11-30,99,33,163,53,74,15,84,25
2020-12-01,0,35,0,0,100,0,0,10
2020-12-02,220,0,0,20,0,500,0,80
2020-12-03,170,0,0,10,0,0,10000,20
2020-12-04,160,0,0,15,0,0,0,0
2020-12-05,100,0,0,40,0,0,0,0
2020-12-06,200,0,0,0,200,0,200,0
2020-12-07,200,0,0,0,0,0,0,0
2020-12-08,250,0,340,0,0,0,0,20
2020-12-09,200,500,0,15,0,0,0,10
2020-12-10,180,0,0,20,0,0,0,10
2020-12-11,180,0,0,0,240,0,0,0
2020-12-12,180,0,0,0,0,0,0,10
2020-12-13,200,0,0,30,0,200,0,20
2020-12-14,80,0,0,60,0,0,0,0
2020-12-15,200,0,0,0,0,0,0,10
2020-12-16,180,0,2800,25,0,0,0,0
2020-12-17,190,0,0,25,0,0,0,0
2020-12-18,195,200,0,15,0,0,0,0
2020-12-19,225,0,0,0,0,0,0,100
2020-12-20,205,0,80,15,100,0,0,0
2020-12-21,110,0,0,0,0,0,0,0
2020-12-22,180,0,0,15,0,0,0,0
2020-12-23,180,0,0,60,0,0,0,20
2020-12-24,200,0,200,0,0,0,0,20
2020-12-25,200,0,0,0,0,0,0,10
2020-12-26,190,140,0,0,0,0,60,10
2020-12-27,150,0,0,0,0,0,0,0
2020-12-28,250,0,0,15,0,0,0,0
2020-12-29,180,0,0,5,0,0,0,10
2020-12-30,200,0,0,0,0,0,0,0
2020-12-31,200,0,0,0,0,0,0,10
2021-01-01,200,0,0,0,0,0,0,0
2021-01-02,200,0,0,0,0,0,0,0
2021-01-03,300,0,0,20,0,0,0,0
2021-01-04,600,0,0,40,0,0,0,0
2021-01-05,80,0,0,40,0,0,0,0
2021-01-06,100,0,0,20,0,0,0,0
2021-01-07,200,0,0,40,0,0,0,0
2021-01-08,0,0,0,0,0,0,0,0
2021-01-09,0,0,320,0,0,0,200,0
2021-01-10,0,0,0,40,500,0,0,0
2021-01-11,200,0,0,10,0,0,0,0
2021-01-12,80,0,0,5,0,0,0,0
2021-01-13,90,0,0,15,0,0,0,0
2021-01-14,200,0,0,0,200,0,0,0
2021-01-15,180,0,4000,0,0,0,0,0
2021-01-16,190,0,0,40,0,0,0,0
2021-01-17,200,200,0,200,0,0,0,0
2021-01-18,200,0,0,0,0,0,0,0
2021-01-19,200,0,0,0,0,80,0,0
2021-01-20,0,0,0,0,0,0,0,20
2021-01-21,0,0,0,20,0,0,0,0
2021-01-22,200,400,0,0,0,0,0,0
2021-01-23,200,0,0,0,0,0,0,0
2021-01-24,230,0,180,0,0,0,0,20
2021-01-25,220,0,0,0,0,0,0,40
2021-01-26,200,0,0,0,0,0,0,0
2021-01-27,200,0,0,0,0,0,0,0
2021-01-28,200,0,0,0,0,0,0,0
2021-01-29,150,0,0,20,0,0,0,0
2021-01-30,200,0,0,20,0,0,0,0
2021-01-31,200,0,0,0,0,0,0,0
2021-02-01,102,15,82,54,49,34,39,36
2021-02-02,136,30,55,22,36,13,43,46
2021-02-03,142,37,107,35,38,18,96,36
2021-02-04,41,20,66,28,31,19,28,55
2021-02-05,63,26,112,26,78,29,72,60
2021-02-06,115,9,181,49,45,24,33,61
2021-02-07,56,30,135,52,56,22,57,52
2021-02-08,96,10,139,26,46,39,87,38
2021-02-09,93,32,187,18,18,37,35,69
2021-02-10,32,18,180,15,50,45,72,15
2021-02-11,61,17,173,41,63,41,79,36
2021-02-12,95,17,66,31,40,48,76,21
2021-02-13,128,35,81,50,19,46,25,56
2021-02-14,113,26,125,12,20,46,88,69
2021-02-15,35,39,84,16,78,43,73,49
2021-02-16,142,34,144,43,48,38,76,37
2021-02-17,83,17,176,38,56,33,95,54
2021-02-18,146,19,155,40,37,17,48,46
2021-02-19,86,8,124,23,53,12,65,21
2021-02-20,145,11,161,30,70,19,29,54
2021-02-21,123,29,129,13,67,40,81,55
2021-02-22,51,26,187,22,20,12,60,34
2021-02-23,132,18,58,26,29,10,21,71
2021-02-24,37,18,82,54,21,23,30,60
2021-02-25,74,22,108,10,58,19,57,41
2021-02-26,123,7,127,30,54,42,55,56
2021-02-27,128,23,161,14,42,38,61,34
2021-02-28,69,8,137,10,33,46,23,59
2021-03-01,200,0,60,40,0,0,0,20
2021-03-02,150,0,0,60,200,0,0,20
2021-03-03,220,0,0,100,0,0,0,20
2021-03-04,200,0,0,20,0,0,40,30
2021-03-05,200,0,320,40,100,0,0,0
2021-03-06,300,120,0,0,0,200,0,0
2021-03-07,200,0,0,0,0,0,0,0
2021-03-08,180,0,0,20,80,0,20,0
2021-03-09,200,0,0,0,300,0,0,40
2021-03-10,180,200,40,20,0,0,60,20
2021-03-11,180,0,0,0,0,0,0,20
2021-03-12,250,0,0,130,500,0,200,0
2021-03-13,200,0,3000,0,0,0,0,0
2021-03-14,200,0,0,20,0,0,0,0
2021-03-15,0,0,0,40,0,0,0,20
2021-03-16,200,0,180,0,0,100,0,0
2021-03-17,180,80,0,0,0,0,0,40
2021-03-18,200,0,0,300,200,0,0,10
2021-03-19,220,0,0,0,0,0,80,0
2021-03-20,150,0,0,0,0,0,0,0
2021-03-21,100,0,0,0,0,0,0,20
2021-03-22,200,0,0,40,2000,0,0,0
2021-03-23,180,0,80,0,0,0,500,0
2021-03-24,200,0,0,20,0,0,0,20
2021-03-25,200,0,0,20,0,0,0,10
2021-03-26,250,0,0,40,0,0,0,0
2021-03-27,180,0,0,0,0,0,0,0
2021-03-28,180,0,0,0,0,0,300,0
2021-03-29,200,0,0,40,0,0,0,20
2021-03-30,200,0,0,40,0,0,0,40
2021-03-31,180,30,0,20,100,0,0,0
2021-04-01,200,0,0,0,0,0,0,0
2021-04-02,200,0,0,0,0,0,0,0
2021-04-03,190,0,0,15,0,0,0,0
2021-04-04,180,0,0,20,0,0,0,0
2021-04-05,180,0,300,40,0,0,0,0
2021-04-06,200,0,0,0,0,0,0,0
2021-04-07,200,0,0,0,300,0,0,0
2021-04-08,0,0,0,0,0,0,0,0
2021-04-09,200,0,0,20,0,0,0,0
2021-04-10,0,0,4000,0,0,0,0,0
2021-04-11,200,0,0,0,0,0,0,0
2021-04-12,200,0,0,0,0,0,0,0
2021-04-13,180,0,0,20,0,0,0,0
2021-04-14,200,200,400,15,0,0,0,0
2021-04-15,150,0,0,100,200,0,0,0
2021-04-16,200,0,0,50,0,0,0,0
2021-04-17,200,0,0,0,0,0,0,0
2021-04-18,200,0,0,0,0,0,0,20
2021-04-19,280,0,220,0,0,0,0,0
2021-04-20,290,0,0,30,0,0,0,0
2021-04-21,200,0,0,5,0,0,0,0
2021-04-22,200,0,0,25,0,0,0,0
2021-04-23,200,0,0,60,0,0,0,0
2021-04-24,200,0,0,0,0,0,0,0
2021-04-25,290,0,0,0,0,0,0,20
2021-04-26,250,0,0,0,0,0,0,20
2021-04-27,200,0,0,0,0,0,0,0
2021-04-28,200,0,0,15,0,0,0,0
2021-04-29,200,0,0,0,0,0,0,0
2021-04-30,200,0,0,0,0,0,0,0
2021-05-01,42,14,134,34,74,43,93,44
2021-05-02,132,25,77,44,31,41,84,12
2021-05-03,31,16,169,28,28,17,60,60
2021-05-04,58,24,187,15,63,20,33,61
2021-05-05,147,35,155,48,30,31,41,69
2021-05-06,115,25,185,36,78,47,99,17
2021-05-07,75,21,164,52,47,33,87,67
2021-05-08,135,10,126,25,29,47,71,77
2021-05-09,44,19,190,51,68,45,27,69
2021-05-10,84,8,124,49,44,25,59,58
2021-05-11,83,28,190,13,24,33,36,61
2021-05-12,69,19,50,55,46,42,73,54
2021-05-13,58,18,104,39,23,17,84,60
2021-05-14,137,33,172,51,42,11,81,73
2021-05-15,48,29,138,20,58,33,61,37
2021-05-16,121,12,114,45,42,30,32,40
2021-05-17,92,16,140,12,29,46,79,20
2021-05-18,77,7,98,12,73,36,78,64
2021-05-19,36,12,91,47,33,28,71,37
2021-05-20,137,9,75,19,61,23,41,23
2021-05-21,135,12,95,49,77,24,37,29
2021-05-22,136,37,96,31,55,38,79,42
2021-05-23,87,6,103,16,61,23,98,48
2021-05-24,57,39,85,12,15,38,28,39
2021-05-25,140,22,149,29,27,20,86,76
2021-05-26,105,11,193,15,40,29,97,34
2021-05-27,99,12,51,58,31,24,63,38
2021-05-28,123,13,57,49,55,46,37,37
2021-05-29,47,32,119,39,23,13,96,67
2021-05-30,94,24,183,58,19,32,81,79
2021-05-31,136,32,157,22,55,36,96,42
2021-06-01,300,0,0,15,0,0,0,0
2021-06-02,180,0,0,40,0,0,0,10
2021-06-03,200,60,0,40,0,0,0,35
2021-06-04,200,0,0,40,200,0,0,0
2021-06-05,200,0,300,40,0,0,0,0
2021-06-06,200,0,0,40,0,200,0,0
2021-06-07,0,0,0,20,0,0,0,0
2021-06-08,0,0,0,20,300,0,70,20
2021-06-09,0,0,0,15,0,0,0,0
2021-06-10,220,0,0,10,0,0,0,0
2021-06-11,180,200,0,5,0,0,0,0
2021-06-12,180,0,2800,20,0,0,0,30
2021-06-13,190,0,0,15,0,0,0,0
2021-06-14,190,0,0,40,0,0,0,0
2021-06-15,50,500,0,40,1000,0,0,0
2021-06-16,120,0,0,40,0,0,0,0
2021-06-17,100,0,0,0,0,0,0,0
2021-06-18,200,0,0,0,0,0,0,0
2021-06-19,200,0,0,0,0,0,0,0
2021-06-20,200,0,0,0,0,0,0,0
2021-06-21,160,0,0,40,0,0,0,0
2021-06-22,180,0,0,20,0,0,100,0
2021-06-23,180,35,0,30,0,0,0,0
2021-06-24,200,0,180,20,0,0,0,0
2021-06-25,210,0,0,20,0,0,0,0
2021-06-26,200,0,0,300,0,0,0,0
2021-06-27,200,60,0,0,0,0,0,20
2021-06-28,200,0,0,200,0,0,0,0
2021-06-29,300,0,0,40,0,0,0,0
2021-06-30,100,0,0,40,0,0,0,0
2021-07-01,120,28,186,22,76,21,31,70
2021-07-02,60,19,179,47,60,14,74,53
2021-07-03,35,29,162,26,43,31,92,76
2021-07-04,112,11,83,19,33,12,28,55
2021-07-05,38,34,94,58,73,17,45,55
2021-07-06,34,26,180,41,38,38,30,76
2021-07-07,35,19,137,43,31,12,52,31
2021-07-08,47,21,168,59,45,40,64,71
2021-07-09,145,26,179,13,27,23,54,63
2021-07-10,125,38,131,24,47,28,86,62
2021-07-11,121,9,161,39,29,29,29,53
2021-07-12,70,15,114,50,21,10,20,19
2021-07-13,36,22,75,37,46,23,23,16
2021-07-14,112,17,166,39,78,12,79,63
2021-07-15,33,34,197,35,19,42,77,30
2021-07-16,132,14,132,22,67,33,88,55
2021-07-17,34,13,78,36,20,33,82,13
2021-07-18,112,7,128,13,42,29,95,34
2021-07-19,43,8,79,24,24,13,97,62
2021-07-20,115,6,106,59,74,29,54,53
2021-07-21,63,8,117,31,15,28,75,45
2021-07-22,129,24,191,11,46,25,56,13
2021-07-23,59,32,51,12,34,27,62,68
2021-07-24,43,13,174,35,50,22,39,10
2021-07-25,77,14,105,52,62,24,42,26
2021-07-26,110,8,50,57,34,19,39,48
2021-07-27,128,36,136,24,46,34,56,67
2021-07-28,121,16,64,50,51,36,29,27
2021-07-29,113,23,173,43,74,11,25,23
2021-07-30,144,31,163,50,78,47,33,13
2021-07-31,58,21,86,48,39,19,86,20
2021-08-01,134,14,186,26,64,11,62,31
2021-08-02,114,26,150,32,53,14,56,48
2021-08-03,136,17,157,15,63,44,45,17
2021-08-04,36,29,194,42,30,19,93,65
2021-08-05,45,12,78,58,77,15,57,54
2021-08-06,144,5,162,10,32,22,22,65
2021-08-07,145,31,113,33,57,40,21,56
2021-08-08,51,23,117,59,72,10,94,63
2021-08-09,81,20,182,57,57,12,39,36
2021-08-10,43,7,139,47,54,41,96,73
2021-08-11,129,20,112,13,50,19,58,69
2021-08-12,34,33,127,50,22,36,60,31
2021-08-13,105,31,83,36,65,15,36,12
2021-08-14,107,27,169,17,66,39,33,67
2021-08-15,45,20,83,11,16,36,69,50
2021-08-16,113,38,172,42,65,10,36,78
2021-08-17,106,30,93,59,28,16,38,42
2021-08-18,39,17,192,55,16,24,29,44
2021-08-19,89,24,87,23,57,43,47,28
2021-08-20,128,19,120,34,64,28,27,26
2021-08-21,105,19,86,36,73,39,40,75
2021-08-22,101,10,56,52,58,23,29,47
2021-08-23,83,36,73,43,65,49,58,56
2021-08-24,37,17,181,27,56,24,55,26
2021-08-25,128,24,179,26,76,11,98,61
2021-08-26,90,30,156,45,26,16,57,19
2021-08-27,102,37,165,23,79,38,86,68
2021-08-28,147,36,97,32,78,38,68,16
2021-08-29,45,24,182,38,41,25,93,12
2021-08-30,37,9,178,15,17,16,77,19
2021-08-31,100,6,53,58,21,15,51,71
2021-09-01,77,32,188,22,59,40,67,30
2021-09-02,53,23,100,36,77,21,23,16
2021-09-03,49,11,83,16,38,25,41,13
2021-09-04,31,5,132,59,39,37,37,30
2021-09-05,50,12,147,21,19,28,96,20
2021-09-06,73,10,138,24,43,12,74,72
2021-09-07,105,9,160,27,30,38,86,63
2021-09-08,48,5,70,18,56,26,30,29
2021-09-09,78,35,97,47,30,15,98,54
2021-09-10,107,25,121,47,64,27,94,24
2021-09-11,73,12,161,24,50,44,68,30
2021-09-12,129,6,196,43,58,34,73,52
2021-09-13,142,9,129,21,59,14,73,63
2021-09-14,103,14,84,59,44,20,55,18
2021-09-15,103,21,92,41,56,17,93,26
2021-09-16,141,19,126,31,29,10,40,48
2021-09-17,79,27,76,26,65,12,91,40
2021-09-18,124,28,124,56,55,39,66,30
2021-09-19,57,37,68,49,73,22,33,39
2021-09-20,90,18,192,36,47,38,56,77
2021-09-21,51,21,173,27,38,30,70,31
2021-09-22,145,26,104,44,70,15,42,24
2021-09-23,149,39,155,14,17,38,66,67
2021-09-24,83,36,118,56,47,30,32,58
2021-09-25,55,32,86,41,72,25,67,63
2021-09-26,131,16,70,43,58,20,85,51
2021-09-27,58,34,184,49,52,34,86,25
2021-09-28,103,7,182,16,28,10,22,65
2021-09-29,80,10,88,53,78,21,77,33
2021-09-30,112,11,178,47,41,19,76,58
2021-10-01,300,0,0,15,0,0,0,0
2021-10-02,180,0,0,40,0,0,0,10
2021-10-03,200,60,0,40,0,0,0,35
2021-10-04,200,0,0,40,200,0,0,0
2021-10-05,200,0,300,40,0,0,0,0
2021-10-06,200,0,0,40,0,200,0,0
2021-10-07,0,0,0,20,0,0,0,0
2021-10-08,0,0,0,20,300,0,70,20
2021-10-09,0,0,0,15,0,0,0,0
2021-10-10,220,0,0,10,0,0,0,0
2021-10-11,180,200,0,5,0,0,0,0
2021-10-12,180,0,2800,20,0,0,0,30
2021-10-13,190,0,0,15,0,0,0,0
2021-10-14,190,0,0,40,0,0,0,0
2021-10-15,50,500,0,40,1000,0,0,0
2021-10-16,120,0,0,40,0,0,0,0
2021-10-17,100,0,0,0,0,0,0,0
2021-10-18,200,0,0,0,0,0,0,0
2021-10-19,200,0,0,0,0,0,0,0
2021-10-20,200,0,0,0,0,0,0,0
2021-10-21,160,0,0,40,0,0,0,0
2021-10-22,180,0,0,20,0,0,100,0
2021-10-23,180,35,0,30,0,0,0,0
2021-10-24,200,0,180,20,0,0,0,0
2021-10-25,210,0,0,20,0,0,0,0
2021-10-26,200,0,0,300,0,0,0,0
2021-10-27,200,60,0,0,0,0,0,20
2021-10-28,200,0,0,200,0,0,0,0
2021-10-29,300,0,0,40,0,0,0,0
2021-10-30,100,0,0,40,0,0,0,0
2021-10-31,220,0,60,20,0,300,0,20
2021-11-01,62,19,140,34,47,16,53,79
2021-11-02,56,23,50,57,48,14,74,72
2021-11-03,115,37,96,45,50,23,61,54
2021-11-04,88,36,168,12,27,32,87,57
2021-11-05,45,32,88,21,62,31,21,59
2021-11-06,87,8,96,40,34,30,30,50
2021-11-07,66,26,193,57,37,49,45,70
2021-11-08,92,14,198,17,50,20,94,75
2021-11-09,96,13,177,53,15,14,30,51
2021-11-10,105,21,151,51,24,26,24,44
2021-11-11,140,8,197,31,71,21,96,16
2021-11-12,102,10,166,31,20,22,63,77
2021-11-13,123,33,127,27,75,31,73,20
2021-11-14,139,28,120,57,16,13,32,33
2021-11-15,51,29,134,24,22,48,90,12
2021-11-16,55,29,160,40,29,45,72,66
2021-11-17,71,13,191,10,44,27,22,48
2021-11-18,119,16,71,31,32,25,89,55
2021-11-19,66,36,195,53,70,18,62,13
2021-11-20,145,14,70,49,44,18,21,56
2021-11-21,124,7,120,45,15,21,31,37
2021-11-22,141,11,186,38,79,21,74,53
2021-11-23,32,11,93,42,36,43,97,20
2021-11-24,75,35,61,37,58,43,38,66
2021-11-25,123,22,186,59,76,42,88,70
2021-11-26,53,9,138,25,23,36,92,35
2021-11-27,149,12,172,36,16,45,95,34
2021-11-28,73,27,69,15,77,19,30,32
2021-11-29,98,25,63,53,59,19,29,20
2021-11-30,65,15,57,37,17,10,80,13
2021-12-01,73,10,62,34,76,45,20,71
2021-12-02,112,23,159,19,79,33,71,17
2021-12-03,118,35,158,51,62,37,52,21
2021-12-04,83,29,82,54,17,30,67,59
2021-12-05,90,17,197,57,73,46,74,53
2021-12-06,114,27,195,41,39,24,63,40
2021-12-07,89,28,183,50,52,23,85,78
2021-12-08,95,23,113,38,60,12,32,40
2021-12-09,68,9,109,40,77,20,39,29
2021-12-10,90,22,160,41,72,49,79,43
2021-12-11,44,30,106,58,63,11,27,65
2021-12-12,90,7,174,11,28,16,26,18
2021-12-13,91,29,76,55,76,33,37,65
2021-12-14,84,12,192,11,57,23,77,61
2021-12-15,87,9,105,29,74,11,59,36
2021-12-16,105,12,166,34,77,16,70,73
2021-12-17,51,9,148,33,37,37,50,53
2021-12-18,60,26,192,28,16,39,92,53
2021-12-19,50,26,119,41,17,25,48,75
2021-12-20,96,29,94,10,26,29,35,74
2021-12-21,109,10,74,42,19,27,62,59
2021-12-22,139,8,195,52,46,16,93,58
2021-12-23,111,18,124,35,46,31,84,32
2021-12-24,92,17,177,36,34,23,27,24
2021-12-25,80,23,91,55,72,40,22,69
2021-12-26,139,32,168,13,40,25,61,25
2021-12-27,65,6,148,14,75,30,72,35
2021-12-28,148,21,86,31,20,41,57,76
2021-12-29,63,24,164,52,16,35,87,19
2021-12-30,100,6,195,34,31,28,70,57
2021-12-31,37,33,111,22,54,48,51,79
2022-01-01,71,35,196,31,78,40,50,40
2022-01-02,43,23,113,38,74,14,57,62
2022-01-03,103,38,87,26,50,41,69,73
2022-01-04,107,22,174,20,77,42,94,59
2022-01-05,105,22,125,36,61,37,21,35
2022-01-06,97,39,91,23,77,32,84,64
2022-01-07,37,9,199,19,67,43,79,66
2022-01-08,47,30,170,13,66,23,86,62
2022-01-09,123,8,106,51,38,49,92,16
2022-01-10,99,6,189,29,29,47,32,16
2022-01-11,48,24,57,50,37,36,92,35
2022-01-12,58,10,51,23,75,33,62,32
2022-01-13,102,23,91,18,74,17,38,35
2022-01-14,84,39,136,49,40,14,83,58
2022-01-15,67,14,156,55,21,33,90,12
2022-01-16,131,38,97,51,70,45,55,70
2022-01-17,37,34,79,45,15,38,29,40
2022-01-18,69,14,115,25,53,24,38,67
2022-01-19,35,17,130,31,68,47,96,18
2022-01-20,75,22,93,16,77,32,92,13
2022-01-21,32,31,196,21,16,23,83,12
2022-01-22,124,20,177,32,33,25,61,27
2022-01-23,140,27,56,21,70,19,62,36
2022-01-24,62,23,132,48,21,26,84,72
2022-01-25,71,14,148,38,40,46,92,32
2022-01-26,129,32,193,53,61,45,79,76
2022-01-27,53,36,111,22,54,32,56,71
2022-01-28,58,35,184,34,30,28,59,61
2022-01-29,58,12,90,27,26,21,38,77
2022-01-30,93,32,97,28,69,13,22,34
2022-01-31,48,14,81,35,34,30,84,66
2022-02-01,200,0,0,0,0,0,0,0
2022-02-02,200,0,0,0,0,0,0,0
2022-02-03,300,0,0,20,0,0,0,0
2022-02-04,600,0,0,40,0,0,0,0
2022-02-05,80,0,0,40,0,0,0,0
2022-02-06,100,0,0,20,0,0,0,0
2022-02-07,200,0,0,40,0,0,0,0
2022-02-08,0,0,0,0,0,0,0,0
2022-02-09,0,0,320,0,0,0,200,0
2022-02-10,0,0,0,40,500,0,0,0
2022-02-11,200,0,0,10,0,0,0,0
2022-02-12,80,0,0,5,0,0,0,0
2022-02-13,90,0,0,15,0,0,0,0
2022-02-14,200,0,0,0,200,0,0,0
2022-02-15,180,0,4000,0,0,0,0,0
2022-02-16,190,0,0,40,0,0,0,0
2022-02-17,200,200,0,200,0,0,0,0
2022-02-18,200,0,0,0,0,0,0,0
2022-02-19,200,0,0,0,0,80,0,0
2022-02-20,0,0,0,0,0,0,0,20
2022-02-21,0,0,0,20,0,0,0,0
2022-02-22,200,400,0,0,0,0,0,0
2022-02-23,200,0,0,0,0,0,0,0
2022-02-24,230,0,180,0,0,0,0,20
2022-02-25,220,0,0,0,0,0,0,40
2022-02-26,200,0,0,0,0,0,0,0
2022-02-27,200,0,0,0,0,0,0,0
2022-02-28,200,0,0,0,0,0,0,0
2022-03-01,150,0,0,20,0,0,0,0
2022-03-02,200,0,0,20,0,0,0,0
2022-03-03,0,0,0,0,0,0,0,0
2022-03-04,200,0,0,20,0,0,0,0
2022-03-05,200,0,0,0,0,0,0,0
2022-03-06,200,0,280,0,0,0,0,0
2022-03-07,200,0,0,0,0,1000,0,0
2022-03-08,200,0,0,0,0,0,0,0
2022-03-09,200,0,0,20,0,0,0,20
2022-03-10,200,0,0,20,0,0,0,20
2022-03-11,200,0,0,0,0,0,0,20
2022-03-12,220,0,0,0,0,0,0,0
2022-03-13,240,0,0,0,200,0,0,0
2022-03-14,0,0,0,0,0,0,0,0
2022-03-15,180,0,0,20,0,0,0,30
2022-03-16,180,0,0,0,0,0,0,0
2022-03-17,190,0,2900,0,0,0,0,0
2022-03-18,200,0,0,0,0,0,0,0
2022-03-19,200,0,0,20,0,0,0,0
2022-03-20,200,0,0,20,0,200,0,20
2022-03-21,100,200,0,0,0,0,100,0
2022-03-22,80,0,0,0,0,0,0,0
2022-03-23,200,0,0,0,100,0,0,0
2022-03-24,200,0,0,0,0,0,0,0
2022-03-25,220,0,0,0,0,0,0,0
2022-03-26,300,0,0,40,0,0,0,0
2022-03-27,200,0,180,0,0,0,0,20
2022-03-28,200,0,0,0,0,0,0,0
2022-03-29,200,0,0,0,0,0,0,0
2022-03-30,200,0,0,0,0,0,0,0
2022-03-31,180,0,0,0,0,0,0,20
2022-04-01,79,29,60,25,60,48,77,62
2022-04-02,88,17,199,24,60,37,97,67
2022-04-03,109,20,184,17,76,14,36,55
2022-04-04,109,9,98,41,44,38,84,46
2022-04-05,124,33,180,54,29,37,21,75
2022-04-06,66,12,80,31,25,39,92,61
2022-04-07,48,10,165,59,35,14,63,45
2022-04-08,139,5,74,13,53,17,99,54
2022-04-09,133,20,82,50,38,25,67,10
2022-04-10,139,35,117,56,34,27,78,49
2022-04-11,59,35,123,38,36,14,93,47
2022-04-12,33,25,85,46,49,25,50,41
2022-04-13,61,38,59,53,36,24,43,10
2022-04-14,33,11,170,24,74,24,98,42
2022-04-15,72,26,73,42,37,27,63,40
2022-04-16,76,28,158,23,35,43,82,39
2022-04-17,137,24,187,33,35,10,43,40
2022-04-18,45,26,122,31,68,16,20,31
2022-04-19,105,10,141,54,50,46,87,70
2022-04-20,56,28,52,33,71,19,82,15
2022-04-21,100,25,51,32,20,36,90,40
2022-04-22,110,13,74,34,71,49,59,39
2022-04-23,49,13,133,15,22,39,32,59
2022-04-24,60,33,152,54,29,38,75,12
2022-04-25,77,39,91,59,22,39,64,38
2022-04-26,81,17,71,36,44,16,20,41
2022-04-27,52,12,140,54,51,25,77,74
2022-04-28,104,20,147,51,44,34,45,75
2022-04-29,102,18,184,56,27,29,87,41
2022-04-30,149,12,65,54,38,30,31,65
2022-05-01,93,17,195,17,20,26,75,79
2022-05-02,75,16,176,33,77,47,57,35
2022-05-03,44,26,163,46,38,27,56,23
2022-05-04,141,35,103,41,61,32,39,49
2022-05-05,147,29,99,16,23,42,71,60
2022-05-06,139,35,152,15,71,40,71,25
2022-05-07,67,25,138,54,15,36,87,69
2022-05-08,31,29,88,21,22,41,96,38
2022-05-09,82,31,61,38,20,46,71,57
2022-05-10,110,6,93,13,25,49,34,28
2022-05-11,144,19,87,42,22,19,71,57
2022-05-12,56,22,183,43,75,15,63,55
2022-05-13,52,15,117,14,66,15,75,42
2022-05-14,56,18,72,37,63,43,54,64
2022-05-15,60,37,61,33,57,29,23,61
2022-05-16,53,10,173,50,38,34,47,18
2022-05-17,69,28,58,15,17,42,90,49
2022-05-18,102,35,161,47,56,46,80,71
2022-05-19,64,33,198,37,31,42,42,35
2022-05-20,85,31,163,31,43,12,62,25
2022-05-21,74,31,91,51,38,40,66,68
2022-05-22,89,6,138,23,32,27,98,27
2022-05-23,145,14,52,45,41,36,43,50
2022-05-24,126,17,183,33,45,11,61,44
2022-05-25,42,17,92,12,40,39,69,75
2022-05-26,41,17,161,22,46,33,76,34
2022-05-27,96,38,120,47,16,28,31,71
2022-05-28,74,10,125,19,50,12,91,43
2022-05-29,78,35,124,57,30,24,79,23
2022-05-30,109,28,102,57,42,28,30,32
2022-05-31,71,38,135,23,68,29,74,26
2022-06-01,0,35,0,0,100,0,0,10
2022-06-02,220,0,0,20,0,500,0,80
2022-06-03,170,0,0,10,0,0,10000,20
2022-06-04,160,0,0,15,0,0,0,0
2022-06-05,100,0,0,40,0,0,0,0
2022-06-06,200,0,0,0,200,0,200,0
2022-06-07,200,0,0,0,0,0,0,0
2022-06-08,250,0,340,0,0,0,0,20
2022-06-09,200,500,0,15,0,0,0,10
2022-06-10,180,0,0,20,0,0,0,10
2022-06-11,180,0,0,0,240,0,0,0
2022-06-12,180,0,0,0,0,0,0,10
2022-06-13,200,0,0,30,0,200,0,20
2022-06-14,80,0,0,60,0,0,0,0
2022-06-15,200,0,0,0,0,0,0,10
2022-06-16,180,0,2800,25,0,0,0,0
2022-06-17,190,0,0,25,0,0,0,0
2022-06-18,195,200,0,15,0,0,0,0
2022-06-19,225,0,0,0,0,0,0,100
2022-06-20,205,0,80,15,100,0,0,0
2022-06-21,110,0,0,0,0,0,0,0
2022-06-22,180,0,0,15,0,0,0,0
2022-06-23,180,0,0,60,0,0,0,20
2022-06-24,200,0,200,0,0,0,0,20
2022-06-25,200,0,0,0,0,0,0,10
2022-06-26,190,140,0,0,0,0,0,10
2022-06-27,150,0,0,0,0,0,0,0
2022-06-28,250,0,0,15,0,0,0,0
2022-06-29,180,0,0,5,0,0,0,10
2022-06-30,200,0,0,0,0,0,120,0
2022-07-01,200,0,0,0,0,0,0,0
2022-07-02,200,0,0,0,0,0,0,0
2022-07-03,190,0,0,15,0,0,0,0
2022-07-04,180,0,0,20,0,0,0,0
2022-07-05,180,0,300,40,0,0,0,0
2022-07-06,200,0,0,0,0,0,0,0
2022-07-07,200,0,0,0,300,0,0,0
2022-07-08,0,0,0,0,0,0,0,0
2022-07-09,200,0,0,20,0,0,0,0
2022-07-10,0,0,4000,0,0,0,0,0
2022-07-11,200,0,0,0,0,0,0,0
2022-07-12,200,0,0,0,0,0,0,0
2022-07-13,180,0,0,20,0,0,0,0
2022-07-14,200,200,400,15,0,0,0,0
2022-07-15,150,0,0,100,200,0,0,0
2022-07-16,200,0,0,50,0,0,0,0
2022-07-17,200,0,0,0,0,0,0,0
2022-07-18,200,0,0,0,0,0,0,20
2022-07-19,280,0,220,0,0,0,0,0
2022-07-20,290,0,0,30,0,0,0,0
2022-07-21,200,0,0,5,0,0,0,0
2022-07-22,200,0,0,25,0,0,0,0
2022-07-23,200,0,0,60,0,0,0,0
2022-07-24,200,0,0,0,0,0,0,0
2022-07-25,290,0,0,0,0,0,0,20
2022-07-26,250,0,0,0,0,0,0,20
2022-07-27,200,0,0,0,0,0,0,0
2022-07-28,200,0,0,15,0,0,0,0
2022-07-29,200,0,0,0,0,0,0,0
2022-07-30,200,0,0,0,0,0,0,0
2022-07-31,220,0,0,40,0,0,0,20
2022-08-01,0,0,0,0,0,0,0,0
2022-08-02,0,0,0,0,0,0,0,0
2022-08-03,0,0,0,0,0,0,0,0
2022-08-04,200,0,0,20,0,0,0,0
2022-08-05,200,0,0,0,0,0,0,0
2022-08-06,200,0,280,0,0,0,0,0
2022-08-07,200,0,0,0,0,1000,0,0
2022-08-08,200,0,0,0,0,0,0,0
2022-08-09,200,0,0,20,0,0,0,20
2022-08-10,200,0,0,20,0,0,0,20
2022-08-11,200,0,0,0,0,0,0,20
2022-08-12,220,0,0,0,0,0,0,0
2022-08-13,240,0,0,0,200,0,0,0
2022-08-14,0,0,0,0,0,0,0,0
2022-08-15,180,0,0,20,0,0,0,30
2022-08-16,180,0,0,0,0,0,0,0
2022-08-17,190,0,2900,0,0,0,0,0
2022-08-18,200,0,0,0,0,0,0,0
2022-08-19,200,0,0,20,0,0,0,0
2022-08-20,200,0,0,20,0,200,0,20
2022-08-21,100,200,0,0,0,0,100,0
2022-08-22,80,0,0,0,0,0,0,0
2022-08-23,200,0,0,0,100,0,0,0
2022-08-24,200,0,0,0,0,0,0,0
2022-08-25,220,0,0,0,0,0,0,0
2022-08-26,300,0,0,40,0,0,0,0
2022-08-27,200,0,180,0,0,0,0,20
2022-08-28,200,0,0,0,0,0,0,0
2022-08-29,200,0,0,0,0,0,0,0
2022-08-30,200,0,0,0,0,0,0,0
2022-08-31,200,0,0,15,0,0,0,0
2022-09-01,200,0,0,0,0,0,0,10
2022-09-02,200,0,0,0,0,0,0,0
2022-09-03,200,0,0,0,0,0,0,0
2022-09-04,300,0,0,20,0,0,0,0
2022-09-05,600,0,0,40,0,0,0,0
2022-09-06,80,0,0,40,0,0,0,0
2022-09-07,100,0,0,20,0,0,0,0
2022-09-08,200,0,0,40,0,0,0,0
2022-09-09,0,0,0,0,0,0,0,0
2022-09-10,0,0,320,0,0,0,200,0
2022-09-11,0,0,0,40,500,0,0,0
2022-09-12,200,0,0,10,0,0,0,0
2022-09-13,80,0,0,5,0,0,0,0
2022-09-14,90,0,0,15,0,0,0,0
2022-09-15,200,0,0,0,200,0,0,0
2022-09-16,180,0,4000,0,0,0,0,0
2022-09-17,190,0,0,40,0,0,0,0
2022-09-18,200,200,0,200,0,0,0,0
2022-09-19,200,0,0,0,0,0,0,0
2022-09-20,200,0,0,0,0,80,0,0
2022-09-21,0,0,0,0,0,0,0,20
2022-09-22,0,0,0,20,0,0,0,0
2022-09-23,200,400,0,0,0,0,0,0
2022-09-24,200,0,0,0,0,0,0,0
2022-09-25,230,0,180,0,0,0,0,20
2022-09-26,220,0,0,0,0,0,0,40
2022-09-27,200,0,0,0,0,0,0,0
2022-09-28,200,0,0,0,0,0,0,0
2022-09-29,200,0,0,0,0,0,0,0
2022-09-30,150,0,0,20,0,0,0,0
2022-10-01,200,0,0,20,0,0,0,0
2022-10-02,200,0,0,0,0,0,0,0
2022-10-03,102,15,82,54,49,34,39,36
2022-10-04,136,30,55,22,36,13,43,46
2022-10-05,142,37,107,35,38,18,96,36
2022-10-06,41,20,66,28,31,19,28,55
2022-10-07,63,26,112,26,78,29,72,60
2022-10-08,115,9,181,49,45,24,33,61
2022-10-09,56,30,135,52,56,22,57,52
2022-10-10,96,10,139,26,46,39,87,38
2022-10-11,93,32,187,18,18,37,35,69
2022-10-12,32,18,180,15,50,45,72,15
2022-10-13,61,17,173,41,63,41,79,36
2022-10-14,95,17,66,31,40,48,76,21
2022-10-15,128,35,81,50,19,46,25,56
2022-10-16,113,26,125,12,20,46,88,69
2022-10-17,35,39,84,16,78,43,73,49
2022-10-18,142,34,144,43,48,38,76,37
2022-10-19,83,17,176,38,56,33,95,54
2022-10-20,146,19,155,40,37,17,48,46
2022-10-21,86,8,124,23,53,12,65,21
2022-10-22,145,11,161,30,70,19,29,54
2022-10-23,123,29,129,13,67,40,81,55
2022-10-24,51,26,187,22,20,12,60,34
2022-10-25,132,18,58,26,29,10,21,71
2022-10-26,37,18,82,54,21,23,30,60
2022-10-27,74,22,108,10,58,19,57,41
2022-10-28,123,7,127,30,54,42,55,56
2022-10-29,128,23,161,14,42,38,61,34
2022-10-30,69,8,137,10,33,46,23,59
2022-10-31,200,0,60,40,0,0,0,20
2022-11-01,150,0,0,60,200,0,0,20
2022-11-02,220,0,0,100,0,0,0,20
2022-11-03,200,0,0,20,0,0,40,30
2022-11-04,200,0,320,40,100,0,0,0
2022-11-05,300,120,0,0,0,200,0,0
2022-11-06,200,0,0,0,0,0,0,0
2022-11-07,180,0,0,20,80,0,20,0
2022-11-08,200,0,0,0,300,0,0,40
2022-11-09,180,200,40,20,0,0,60,20
2022-11-10,180,0,0,0,0,0,0,20
2022-11-11,250,0,0,130,500,0,200,0
2022-11-12,200,0,3000,0,0,0,0,0
2022-11-13,200,0,0,20,0,0,0,0
2022-11-14,0,0,0,40,0,0,0,20
2022-11-15,200,0,180,0,0,100,0,0
2022-11-16,180,80,0,0,0,0,0,40
2022-11-17,200,0,0,300,200,0,0,10
2022-11-18,220,0,0,0,0,0,80,0
2022-11-19,150,0,0,0,0,0,0,0
2022-11-20,100,0,0,0,0,0,0,20
2022-11-21,200,0,0,40,2000,0,0,0
2022-11-22,180,0,80,0,0,0,500,0
2022-11-23,200,0,0,20,0,0,0,20
2022-11-24,200,0,0,20,0,0,0,10
2022-11-25,250,0,0,40,0,0,0,0
2022-11-26,180,0,0,0,0,0,0,0
2022-11-27,180,0,0,0,0,0,300,0
2022-11-28,200,0,0,40,0,0,0,20
2022-11-29,200,0,0,40,0,0,0,40
2022-11-30,180,30,0,20,100,0,0,0
2022-12-01,200,0,0,0,0,0,0,0
2022-12-02,200,0,0,0,0,0,0,0
2022-12-03,190,0,0,15,0,0,0,0
2022-12-04,180,0,0,20,0,0,0,0
2022-12-05,180,0,300,40,0,0,0,0
2022-12-06,200,0,0,0,0,0,0,0
2022-12-07,200,0,0,0,300,0,0,0
2022-12-08,0,0,0,0,0,0,0,0
2022-12-09,200,0,0,20,0,0,0,0
2022-12-10,0,0,4000,0,0,0,0,0
2022-12-11,200,0,0,0,0,0,0,0
2022-12-12,200,0,0,0,0,0,0,0
2022-12-13,180,0,0,20,0,0,0,0
2022-12-14,200,200,400,15,0,0,0,0
2022-12-15,150,0,0,100,200,0,0,0
2022-12-16,200,0,0,50,0,0,0,0
2022-12-17,200,0,0,0,0,0,0,0
2022-12-18,200,0,0,0,0,0,0,20
2022-12-19,280,0,220,0,0,0,0,0
2022-12-20,290,0,0,30,0,0,0,0
2022-12-21,200,0,0,5,0,0,0,0
2022-12-22,200,0,0,25,0,0,0,0
2022-12-23,200,0,0,60,0,0,0,0
2022-12-24,200,0,0,0,0,0,0,0
2022-12-25,290,0,0,0,0,0,0,20
2022-12-26,250,0,0,0,0,0,0,20
2022-12-27,200,0,0,0,0,0,0,0
2022-12-28,200,0,0,15,0,0,0,0
2022-12-29,200,0,0,0,0,0,0,0
2022-12-30,200,0,0,0,0,0,0,0
2022-12-31,42,14,134,34,74,43,93,44
2023-01-01,132,25,77,44,31,41,84,12
2023-01-02,31,16,169,28,28,17,60,60
2023-01-03,58,24,187,15,63,20,33,61
2023-01-04,147,35,155,48,30,31,41,69
2023-01-05,115,25,185,36,78,47,99,17
2023-01-06,75,21,164,52,47,33,87,67
2023-01-07,135,10,126,25,29,47,71,77
2023-01-08,44,19,190,51,68,45,27,69
2023-01-09,84,8,124,49,44,25,59,58
2023-01-10,83,28,190,13,24,33,36,61
2023-01-11,69,19,50,55,46,42,73,54
2023-01-12,58,18,104,39,23,17,84,60
2023-01-13,137,33,172,51,42,11,81,73
2023-01-14,48,29,138,20,58,33,61,37
2023-01-15,121,12,114,45,42,30,32,40
2023-01-16,92,16,140,12,29,46,79,20
2023-01-17,77,7,98,12,73,36,78,64
2023-01-18,36,12,91,47,33,28,71,37
2023-01-19,137,9,75,19,61,23,41,23
2023-01-20,135,12,95,49,77,24,37,29
2023-01-21,136,37,96,31,55,38,79,42
2023-01-22,87,6,103,16,61,23,98,48
2023-01-23,57,39,85,12,15,38,28,39
2023-01-24,140,22,149,29,27,20,86,76
2023-01-25,105,11,193,15,40,29,97,34
2023-01-26,99,12,51,58,31,24,63,38
2023-01-27,123,13,57,49,55,46,37,37
2023-01-28,47,32,119,39,23,13,96,67
2023-01-29,94,24,183,58,19,32,81,79
2023-01-30,136,32,157,22,55,36,96,42
2023-01-31,300,0,0,15,0,0,0,0
2023-02-01,180,0,0,40,0,0,0,10
2023-02-02,200,60,0,40,0,0,0,35
2023-02-03,200,0,0,40,200,0,0,0
2023-02-04,200,0,300,40,0,0,0,0
2023-02-05,200,0,0,40,0,200,0,0
2023-02-06,0,0,0,20,0,0,0,0
2023-02-07,0,0,0,20,300,0,70,20
2023-02-08,0,0,0,15,0,0,0,0
2023-02-09,220,0,0,10,0,0,0,0
2023-02-10,180,200,0,5,0,0,0,0
2023-02-11,180,0,2800,20,0,0,0,30
2023-02-12,190,0,0,15,0,0,0,0
2023-02-13,190,0,0,40,0,0,0,0
2023-02-14,50,500,0,40,1000,0,0,0
2023-02-15,120,0,0,40,0,0,0,0
2023-02-16,100,0,0,0,0,0,0,0
2023-02-17,200,0,0,0,0,0,0,0
2023-02-18,200,0,0,0,0,0,0,0
2023-02-19,200,0,0,0,0,0,0,0
2023-02-20,160,0,0,40,0,0,0,0
2023-02-21,180,0,0,20,0,0,100,0
2023-02-22,180,35,0,30,0,0,0,0
2023-02-23,200,0,180,20,0,0,0,0
2023-02-24,210,0,0,20,0,0,0,0
2023-02-25,200,0,0,300,0,0,0,0
2023-02-26,200,60,0,0,0,0,0,20
2023-02-27,200,0,0,200,0,0,0,0
2023-02-28,300,0,0,40,0,0,0,0
2023-03-01,100,0,0,40,0,0,0,0
2023-03-02,120,28,186,22,76,21,31,70
2023-03-03,60,19,179,47,60,14,74,53
2023-03-04,35,29,162,26,43,31,92,76
2023-03-05,112,11,83,19,33,12,28,55
2023-03-06,38,34,94,58,73,17,45,55
2023-03-07,34,26,180,41,38,38,30,76
2023-03-08,35,19,137,43,31,12,52,31
2023-03-09,47,21,168,59,45,40,64,71
2023-03-10,145,26,179,13,27,23,54,63
2023-03-11,125,38,131,24,47,28,86,62
2023-03-12,121,9,161,39,29,29,29,53
2023-03-13,70,15,114,50,21,10,20,19
2023-03-14,36,22,75,37,46,23,23,16
2023-03-15,112,17,166,39,78,12,79,63
2023-03-16,33,34,197,35,19,42,77,30
2023-03-17,132,14,132,22,67,33,88,55
2023-03-18,34,13,78,36,20,33,82,13
2023-03-19,112,7,128,13,42,29,95,34
2023-03-20,43,8,79,24,24,13,97,62
2023-03-21,115,6,106,59,74,29,54,53
2023-03-22,63,8,117,31,15,28,75,45
2023-03-23,129,24,191,11,46,25,56,13
2023-03-24,59,32,51,12,34,27,62,68
2023-03-25,43,13,174,35,50,22,39,10
2023-03-26,77,14,105,52,62,24,42,26
2023-03-27,110,8,50,57,34,19,39,48
2023-03-28,128,36,136,24,46,34,56,67
2023-03-29,121,16,64,50,51,36,29,27
2023-03-30,113,23,173,43,74,11,25,23
2023-03-31,144,31,163,50,78,47,33,13
2023-04-01,58,21,86,48,39,19,86,20
2023-04-02,134,14,186,26,64,11,62,31
2023-04-03,114,26,150,32,53,14,56,48
2023-04-04,136,17,157,15,63,44,45,17
2023-04-05,36,29,194,42,30,19,93,65
2023-04-06,45,12,78,58,77,15,57,54
2023-04-07,144,5,162,10,32,22,22,65
2023-04-08,145,31,113,33,57,40,21,56
2023-04-09,51,23,117,59,72,10,94,63
2023-04-10,81,20,182,57,57,12,39,36
2023-04-11,43,7,139,47,54,41,96,73
2023-04-12,129,20,112,13,50,19,58,69
2023-04-13,34,33,127,50,22,36,60,31
2023-04-14,105,31,83,36,65,15,36,12
2023-04-15,107,27,169,17,66,39,33,67
2023-04-16,45,20,83,11,16,36,69,50
2023-04-17,113,38,172,42,65,10,36,78
2023-04-18,106,30,93,59,28,16,38,42
2023-04-19,39,17,192,55,16,24,29,44
2023-04-20,89,24,87,23,57,43,47,28
2023-04-21,128,19,120,34,64,28,27,26
2023-04-22,105,19,86,36,73,39,40,75
2023-04-23,101,10,56,52,58,23,29,47
2023-04-24,83,36,73,43,65,49,58,56
2023-04-25,37,17,181,27,56,24,55,26
2023-04-26,128,24,179,26,76,11,98,61
2023-04-27,90,30,156,45,26,16,57,19
2023-04-28,102,37,165,23,79,38,86,68
2023-04-29,147,36,97,32,78,38,68,16
2023-04-30,45,24,182,38,41,25,93,12
2023-05-01,37,9,178,15,17,16,77,19
2023-05-02,100,6,53,58,21,15,51,71
2023-05-03,77,32,188,22,59,40,67,30
2023-05-04,53,23,100,36,77,21,23,16
2023-05-05,49,11,83,16,38,25,41,13
2023-05-06,31,5,132,59,39,37,37,30
2023-05-07,50,12,147,21,19,28,96,20
2023-05-08,73,10,138,24,43,12,74,72
2023-05-09,105,9,160,27,30,38,86,63
2023-05-10,48,5,70,18,56,26,30,29
2023-05-11,78,35,97,47,30,15,98,54
2023-05-12,107,25,121,47,64,27,94,24
2023-05-13,73,12,161,24,50,44,68,30
2023-05-14,129,6,196,43,58,34,73,52
2023-05-15,142,9,129,21,59,14,73,63
2023-05-16,103,14,84,59,44,20,55,18
2023-05-17,103,21,92,41,56,17,93,26
2023-05-18,141,19,126,31,29,10,40,48
2023-05-19,79,27,76,26,65,12,91,40
2023-05-20,124,28,124,56,55,39,66,30
2023-05-21,57,37,68,49,73,22,33,39
2023-05-22,90,18,192,36,47,38,56,77
2023-05-23,51,21,173,27,38,30,70,31
2023-05-24,145,26,104,44,70,15,42,24
2023-05-25,149,39,155,14,17,38,66,67
2023-05-26,83,36,118,56,47,30,32,58
2023-05-27,55,32,86,41,72,25,67,63
2023-05-28,131,16,70,43,58,20,85,51
2023-05-29,58,34,184,49,52,34,86,25
2023-05-30,103,7,182,16,28,10,22,65
2023-05-31,80,10,88,53,78,21,77,33
2023-06-01,112,11,178,47,41,19,76,58
2023-06-02,300,0,0,15,0,0,0,0
2023-06-03,180,0,0,40,0,0,0,10
2023-06-04,200,60,0,40,0,0,0,35
2023-06-05,200,0,0,40,200,0,0,0
2023-06-06,200,0,300,40,0,0,0,0
2023-06-07,200,0,0,40,0,200,0,0
2023-06-08,0,0,0,20,0,0,0,0
2023-06-09,0,0,0,20,300,0,70,20
2023-06-10,0,0,0,15,0,0,0,0
2023-06-11,220,0,0,10,0,0,0,0
2023-06-12,180,200,0,5,0,0,0,0
2023-06-13,180,0,2800,20,0,0,0,30
2023-06-14,190,0,0,15,0,0,0,0
2023-06-15,190,0,0,40,0,0,0,0
2023-06-16,50,500,0,40,1000,0,0,0
2023-06-17,120,0,0,40,0,0,0,0
2023-06-18,100,0,0,0,0,0,0,0
2023-06-19,200,0,0,0,0,0,0,0
2023-06-20,200,0,0,0,0,0,0,0
2023-06-21,200,0,0,0,0,0,0,0
2023-06-22,160,0,0,40,0,0,0,0
2023-06-23,180,0,0,20,0,0,100,0
2023-06-24,180,35,0,30,0,0,0,0
2023-06-25,200,0,180,20,0,0,0,0
2023-06-26,210,0,0,20,0,0,0,0
2023-06-27,200,0,0,300,0,0,0,0
2023-06-28,200,60,0,0,0,0,0,20
2023-06-29,200,0,0,200,0,0,0,0
2023-06-30,300,0,0,40,0,0,0,0
2023-07-01,100,0,0,40,0,0,0,0
2023-07-02,220,0,60,20,0,300,0,20
2023-07-03,62,19,140,34,47,16,53,79
2023-07-04,56,23,50,57,48,14,74,72
2023-07-05,115,37,96,45,50,23,61,54
2023-07-06,88,36,168,12,27,32,87,57
2023-07-07,45,32,88,21,62,31,21,59
2023-07-08,87,8,96,40,34,30,30,50
2023-07-09,66,26,193,57,37,49,45,70
2023-07-10,92,14,198,17,50,20,94,75
2023-07-11,96,13,177,53,15,14,30,51
2023-07-12,105,21,151,51,24,26,24,44
2023-07-13,140,8,197,31,71,21,96,16
2023-07-14,102,10,166,31,20,22,63,77
2023-07-15,123,33,127,27,75,31,73,20
2023-07-16,139,28,120,57,16,13,32,33
2023-07-17,51,29,134,24,22,48,90,12
2023-07-18,55,29,160,40,29,45,72,66
2023-07-19,71,13,191,10,44,27,22,48
2023-07-20,119,16,71,31,32,25,89,55
2023-07-21,66,36,195,53,70,18,62,13
2023-07-22,145,14,70,49,44,18,21,56
2023-07-23,124,7,120,45,15,21,31,37
2023-07-24,141,11,186,38,79,21,74,53
2023-07-25,32,11,93,42,36,43,97,20
2023-07-26,75,35,61,37,58,43,38,66
2023-07-27,123,22,186,59,76,42,88,70
2023-07-28,53,9,138,25,23,36,92,35
2023-07-29,149,12,172,36,16,45,95,34
2023-07-30,73,27,69,15,77,19,30,32
2023-07-31,98,25,63,53,59,19,29,20
2023-08-01,65,15,57,37,17,10,80,13
2023-08-02,73,10,62,34,76,45,20,71
2023-08-03,112,23,159,19,79,33,71,17
2023-08-04,118,35,158,51,62,37,52,21
2023-08-05,83,29,82,54,17,30,67,59
2023-08-06,90,17,197,57,73,46,74,53
2023-08-07,114,27,195,41,39,24,63,40
2023-08-08,89,28,183,50,52,23,85,78
2023-08-09,95,23,113,38,60,12,32,40
2023-08-10,68,9,109,40,77,20,39,29
2023-08-11,90,22,160,41,72,49,79,43
2023-08-12,44,30,106,58,63,11,27,65
2023-08-13,90,7,174,11,28,16,26,18
2023-08-14,91,29,76,55,76,33,37,65
2023-08-15,84,12,192,11,57,23,77,61
2023-08-16,87,9,105,29,74,11,59,36
2023-08-17,105,12,166,34,77,16,70,73
2023-08-18,51,9,148,33,37,37,50,53
2023-08-19,60,26,192,28,16,39,92,53
2023-08-20,50,26,119,41,17,25,48,75
2023-08-21,96,29,94,10,26,29,35,74
2023-08-22,109,10,74,42,19,27,62,59
2023-08-23,139,8,195,52,46,16,93,58
2023-08-24,111,18,124,35,46,31,84,32
2023-08-25,92,17,177,36,34,23,27,24
2023-08-26,80,23,91,55,72,40,22,69
2023-08-27,139,32,168,13,40,25,61,25
2023-08-28,65,6,148,14,75,30,72,35
2023-08-29,148,21,86,31,20,41,57,76
2023-08-30,63,24,164,52,16,35,87,19
2023-08-31,100,6,195,34,31,28,70,57
2023-09-01,37,33,111,22,54,48,51,79
2023-09-02,71,35,196,31,78,40,50,40
2023-09-03,43,23,113,38,74,14,57,62
2023-09-04,103,38,87,26,50,41,69,73
2023-09-05,107,22,174,20,77,42,94,59
2023-09-06,105,22,125,36,61,37,21,35
2023-09-07,97,39,91,23,77,32,84,64
2023-09-08,37,9,199,19,67,43,79,66
2023-09-09,47,30,170,13,66,23,86,62
2023-09-10,123,8,106,51,38,49,92,16
2023-09-11,99,6,189,29,29,47,32,16
2023-09-12,48,24,57,50,37,36,92,35
2023-09-13,58,10,51,23,75,33,62,32
2023-09-14,102,23,91,18,74,17,38,35
2023-09-15,84,39,136,49,40,14,83,58
2023-09-16,67,14,156,55,21,33,90,12
2023-09-17,131,38,97,51,70,45,55,70
2023-09-18,37,34,79,45,15,38,29,40
2023-09-19,69,14,115,25,53,24,38,67
2023-09-20,35,17,130,31,68,47,96,18
2023-09-21,75,22,93,16,77,32,92,13
2023-09-22,32,31,196,21,16,23,83,12
2023-09-23,124,20,177,32,33,25,61,27
2023-09-24,140,27,56,21,70,19,62,36
2023-09-25,62,23,132,48,21,26,84,72
2023-09-26,71,14,148,38,40,46,92,32
2023-09-27,129,32,193,53,61,45,79,76
2023-09-28,53,36,111,22,54,32,56,71
2023-09-29,58,35,184,34,30,28,59,61
2023-09-30,58,12,90,27,26,21,38,77
2023-10-01,93,32,97,28,69,13,22,34
2023-10-02,48,14,81,35,34,30,84,66
2023-10-03,200,0,0,0,0,0,0,0
2023-10-04,200,0,0,0,0,0,0,0
2023-10-05,300,0,0,20,0,0,0,0
2023-10-06,600,0,0,40,0,0,0,0
2023-10-07,80,0,0,40,0,0,0,0
2023-10-08,100,0,0,20,0,0,0,0
2023-10-09,200,0,0,40,0,0,0,0
2023-10-10,0,0,0,0,0,0,0,0
2023-10-11,0,0,320,0,0,0,200,0
2023-10-12,0,0,0,40,500,0,0,0
2023-10-13,200,0,0,10,0,0,0,0
2023-10-14,80,0,0,5,0,0,0,0
2023-10-15,90,0,0,15,0,0,0,0
2023-10-16,200,0,0,0,200,0,0,0
2023-10-17,180,0,4000,0,0,0,0,0
2023-10-18,190,0,0,40,0,0,0,0
2023-10-19,200,200,0,200,0,0,0,0
2023-10-20,200,0,0,0,0,0,0,0
2023-10-21,200,0,0,0,0,80,0,0
2023-10-22,0,0,0,0,0,0,0,20
2023-10-23,0,0,0,20,0,0,0,0
2023-10-24,200,400,0,0,0,0,0,0
2023-10-25,200,0,0,0,0,0,0,0
2023-10-26,230,0,180,0,0,0,0,20
2023-10-27,220,0,0,0,0,0,0,40
2023-10-28,200,0,0,0,0,0,0,0
2023-10-29,200,0,0,0,0,0,0,0
2023-10-30,200,0,0,0,0,0,0,0
2023-10-31,150,0,0,20,0,0,0,0
2023-11-01,200,0,0,20,0,0,0,0
2023-11-02,0,0,0,0,0,0,0,0
2023-11-03,200,0,0,20,0,0,0,0
2023-11-04,200,0,0,0,0,0,0,0
2023-11-05,200,0,280,0,0,0,0,0
2023-11-06,200,0,0,0,0,1000,0,0
2023-11-07,200,0,0,0,0,0,0,0
2023-11-08,200,0,0,20,0,0,0,20
2023-11-09,200,0,0,20,0,0,0,20
2023-11-10,200,0,0,0,0,0,0,20
2023-11-11,220,0,0,0,0,0,0,0
2023-11-12,240,0,0,0,200,0,0,0
2023-11-13,0,0,0,0,0,0,0,0
2023-11-14,180,0,0,20,0,0,0,30
2023-11-15,180,0,0,0,0,0,0,0
2023-11-16,190,0,2900,0,0,0,0,0
2023-11-17,200,0,0,0,0,0,0,0
2023-11-18,200,0,0,20,0,0,0,0
2023-11-19,200,0,0,20,0,200,0,20
2023-11-20,100,200,0,0,0,0,100,0
2023-11-21,80,0,0,0,0,0,0,0
2023-11-22,200,0,0,0,100,0,0,0
2023-11-23,200,0,0,0,0,0,0,0
2023-11-24,220,0,0,0,0,0,0,0
2023-11-25,300,0,0,40,0,0,0,0
2023-11-26,200,0,180,0,0,0,0,20
2023-11-27,200,0,0,0,0,0,0,0
2023-11-28,200,0,0,0,0,0,0,0
2023-11-29,200,0,0,0,0,0,0,0
2023-11-30,180,0,0,0,0,0,0,20
2023-12-01,79,29,60,25,60,48,77,62
2023-12-02,88,17,199,24,60,37,97,67
2023-12-03,109,20,184,17,76,14,36,55
2023-12-04,109,9,98,41,44,38,84,46
2023-12-05,124,33,180,54,29,37,21,75
2023-12-06,66,12,80,31,25,39,92,61
2023-12-07,48,10,165,59,35,14,63,45
2023-12-08,139,5,74,13,53,17,99,54
2023-12-09,133,20,82,50,38,25,67,10
2023-12-10,139,35,117,56,34,27,78,49
2023-12-11,59,35,123,38,36,14,93,47
2023-12-12,33,25,85,46,49,25,50,41
2023-12-13,61,38,59,53,36,24,43,10
2023-12-14,33,11,170,24,74,24,98,42
2023-12-15,72,26,73,42,37,27,63,40
2023-12-16,76,28,158,23,35,43,82,39
2023-12-17,137,24,187,33,35,10,43,40
2023-12-18,45,26,122,31,68,16,20,31
2023-12-19,105,10,141,54,50,46,87,70
2023-12-20,56,28,52,33,71,19,82,15
2023-12-21,100,25,51,32,20,36,90,40
2023-12-22,110,13,74,34,71,49,59,39
2023-12-23,49,13,133,15,22,39,32,59
2023-12-24,60,33,152,54,29,38,75,12
2023-12-25,77,39,91,59,22,39,64,38
2023-12-26,81,17,71,36,44,16,20,41
2023-12-27,52,12,140,54,51,25,77,74
2023-12-28,104,20,147,51,44,34,45,75
2023-12-29,102,18,184,56,27,29,87,41
2023-12-30,149,12,65,54,38,30,31,65
2023-12-31,93,17,195,17,20,26,75,79
2024-01-01,75,16,176,33,77,47,57,35
2024-01-02,44,26,163,46,38,27,56,23
2024-01-03,141,35,103,41,61,32,39,49
2024-01-04,147,29,99,16,23,42,71,60
2024-01-05,139,35,152,15,71,40,71,25
2024-01-06,67,25,138,54,15,36,87,69
2024-01-07,31,29,88,21,22,41,96,38
2024-01-08,82,31,61,38,20,46,71,57
2024-01-09,110,6,93,13,25,49,34,28
2024-01-10,144,19,87,42,22,19,71,57
2024-01-11,56,22,183,43,75,15,63,55
2024-01-12,52,15,117,14,66,15,75,42
2024-01-13,56,18,72,37,63,43,54,64
2024-01-14,60,37,61,33,57,29,23,61
2024-01-15,53,10,173,50,38,34,47,18
2024-01-16,69,28,58,15,17,42,90,49
2024-01-17,102,35,161,47,56,46,80,71
2024-01-18,64,33,198,37,31,42,42,35
2024-01-19,85,31,163,31,43,12,62,25
2024-01-20,74,31,91,51,38,40,66,68
2024-01-21,89,6,138,23,32,27,98,27
2024-01-22,145,14,52,45,41,36,43,50
2024-01-23,126,17,183,33,45,11,61,44
2024-01-24,42,17,92,12,40,39,69,75
2024-01-25,41,17,161,22,46,33,76,34
2024-01-26,96,38,120,47,16,28,31,71
2024-01-27,74,10,125,19,50,12,91,43
2024-01-28,78,35,124,57,30,24,79,23
2024-01-29,109,28,102,57,42,28,30,32
2024-01-30,71,38,135,23,68,29,74,26
2024-01-31,0,35,0,0,100,0,0,10
2024-02-01,220,0,0,20,0,500,0,80
2024-02-02,170,0,0,10,0,0,10000,20
2024-02-03,160,0,0,15,0,0,0,0
2024-02-04,100,0,0,40,0,0,0,0
2024-02-05,200,0,0,0,200,0,200,0
2024-02-06,200,0,0,0,0,0,0,0
2024-02-07,250,0,340,0,0,0,0,20
2024-02-08,200,500,0,15,0,0,0,10
2024-02-09,180,0,0,20,0,0,0,10
2024-02-10,180,0,0,0,240,0,0,0
2024-02-11,180,0,0,0,0,0,0,10
2024-02-12,200,0,0,30,0,200,0,20
2024-02-13,80,0,0,60,0,0,0,0
2024-02-14,200,0,0,0,0,0,0,10
2024-02-15,180,0,2800,25,0,0,0,0
2024-02-16,190,0,0,25,0,0,0,0
2024-02-17,195,200,0,15,0,0,0,0
2024-02-18,225,0,0,0,0,0,0,100
2024-02-19,205,0,80,15,100,0,0,0
2024-02-20,110,0,0,0,0,0,0,0
2024-02-21,180,0,0,15,0,0,0,0
2024-02-22,180,0,0,60,0,0,0,20
2024-02-23,200,0,200,0,0,0,0,20
2024-02-24,200,0,0,0,0,0,0,10
2024-02-25,190,140,0,0,0,0,0,10
2024-02-26,150,0,0,0,0,0,0,0
2024-02-27,250,0,0,15,0,0,0,0
2024-02-28,180,0,0,5,0,0,0,10
2024-02-29,200,0,0,0,0,0,120,0
2024-03-01,200,0,0,0,0,0,0,0
2024-03-02,200,0,0,0,0,0,0,0
2024-03-03,190,0,0,15,0,0,0,0
2024-03-04,180,0,0,20,0,0,0,0
2024-03-05,180,0,300,40,0,0,0,0
2024-03-06,200,0,0,0,0,0,0,0
2024-03-07,200,0,0,0,300,0,0,0
2024-03-08,0,0,0,0,0,0,0,0
2024-03-09,200,0,0,20,0,0,0,0
2024-03-10,0,0,4000,0,0,0,0,0
2024-03-11,200,0,0,0,0,0,0,0
2024-03-12,200,0,0,0,0,0,0,0
2024-03-13,180,0,0,20,0,0,0,0
2024-03-14,200,200,400,15,0,0,0,0
2024-03-15,150,0,0,100,200,0,0,0
2024-03-16,200,0,0,50,0,0,0,0
2024-03-17,200,0,0,0,0,0,0,0
2024-03-18,200,0,0,0,0,0,0,20
2024-03-19,280,0,220,0,0,0,0,0
2024-03-20,290,0,0,30,0,0,0,0
2024-03-21,200,0,0,5,0,0,0,0
2024-03-22,200,0,0,25,0,0,0,0
2024-03-23,200,0,0,60,0,0,0,0
2024-03-24,200,0,0,0,0,0,0,0
2024-03-25,290,0,0,0,0,0,0,20
2024-03-26,250,0,0,0,0,0,0,20
2024-03-27,200,0,0,0,0,0,0,0
2024-03-28,200,0,0,15,0,0,0,0
2024-03-29,200,0,0,0,0,0,0,0
2024-03-30,200,0,0,0,0,0,0,0
2024-03-31,220,0,0,40,0,0,0,20
2024-04-01,0,0,0,0,0,0,0,0
2024-04-02,0,0,0,0,0,0,0,0
2024-04-03,0,0,0,0,0,0,0,0
2024-04-04,200,0,0,20,0,0,0,0
2024-04-05,200,0,0,0,0,0,0,0
2024-04-06,200,0,280,0,0,0,0,0
2024-04-07,200,0,0,0,0,1000,0,0
2024-04-08,200,0,0,0,0,0,0,0
2024-04-09,200,0,0,20,0,0,0,20
2024-04-10,200,0,0,20,0,0,0,20
2024-04-11,200,0,0,0,0,0,0,20
2024-04-12,220,0,0,0,0,0,0,0
2024-04-13,240,0,0,0,200,0,0,0
2024-04-14,0,0,0,0,0,0,0,0
2024-04-15,180,0,0,20,0,0,0,30
2024-04-16,180,0,0,0,0,0,0,0
2024-04-17,190,0,2900,0,0,0,0,0
2024-04-18,200,0,0,0,0,0,0,0
2024-04-19,200,0,0,20,0,0,0,0
2024-04-20,200,0,0,20,0,200,0,20
2024-04-21,100,200,0,0,0,0,100,0
2024-04-22,80,0,0,0,0,0,0,0
2024-04-23,200,0,0,0,100,0,0,0
2024-04-24,200,0,0,0,0,0,0,0
2024-04-25,220,0,0,0,0,0,0,0
2024-04-26,300,0,0,40,0,0,0,0
2024-04-27,200,0,180,0,0,0,0,20
2024-04-28,200,0,0,0,0,0,0,0
2024-04-29,200,0,0,0,0,0,0,0
2024-04-30,200,0,0,0,0,0,0,0
2024-05-01,200,0,0,15,0,0,0,0
2024-05-02,115,6,106,59,74,29,54,53
2024-05-03,63,8,117,31,15,28,75,45
2024-05-04,129,24,191,11,46,25,56,13
2024-05-05,59,32,51,12,34,27,62,68
2024-05-06,43,13,174,35,50,22,39,10
2024-05-07,77,14,105,52,62,24,42,26
2024-05-08,110,8,50,57,34,19,39,48
2024-05-09,128,36,136,24,46,34,56,67
2024-05-10,121,16,64,50,51,36,29,27
2024-05-11,113,23,173,43,74,11,25,23
2024-05-12,144,31,163,50,78,47,33,13
2024-05-13,58,21,86,48,39,19,86,20
2024-05-14,134,14,186,26,64,11,62,31
2024-05-15,114,26,150,32,53,14,56,48
2024-05-16,136,17,157,15,63,44,45,17
2024-05-17,36,29,194,42,30,19,93,65
2024-05-18,45,12,78,58,77,15,57,54
2024-05-19,144,5,162,10,32,22,22,65
2024-05-20,145,31,113,33,57,40,21,56
2024-05-21,51,23,117,59,72,10,94,63
2024-05-22,81,20,182,57,57,12,39,36
2024-05-23,43,7,139,47,54,41,96,73
2024-05-24,129,20,112,13,50,19,58,69
2024-05-25,34,33,127,50,22,36,60,31
2024-05-26,105,31,83,36,65,15,36,12
2024-05-27,107,27,169,17,66,39,33,67
2024-05-28,45,20,83,11,16,36,69,50
2024-05-29,113,38,172,42,65,10,36,78
2024-05-30,106,30,93,59,28,16,38,42
2024-05-31,39,17,192,55,16,24,29,44
2024-06-01,89,24,87,23,57,43,47,28
2024-06-02,128,19,120,34,64,28,27,26
2024-06-03,105,19,86,36,73,39,40,75
2024-06-04,101,10,56,52,58,23,29,47
2024-06-05,83,36,73,43,65,49,58,56
2024-06-06,37,17,181,27,56,24,55,26
2024-06-07,128,24,179,26,76,11,98,61
2024-06-08,90,30,156,45,26,16,57,19
2024-06-09,102,37,165,23,79,38,86,68
2024-06-10,147,36,97,32,78,38,68,16
2024-06-11,45,24,182,38,41,25,93,12
2024-06-12,37,9,178,15,17,16,77,19
2024-06-13,100,6,53,58,21,15,51,71
2024-06-14,77,32,188,22,59,40,67,30
2024-06-15,53,23,100,36,77,21,23,16
2024-06-16,49,11,83,16,38,25,41,13
2024-06-17,31,5,132,59,39,37,37,30
2024-06-18,50,12,147,21,19,28,96,20
2024-06-19,73,10,138,24,43,12,74,72
2024-06-20,105,9,160,27,30,38,86,63
2024-06-21,48,5,70,18,56,26,30,29
2024-06-22,78,35,97,47,30,15,98,54
2024-06-23,107,25,121,47,64,27,94,24
2024-06-24,73,12,161,24,50,44,68,30
2024-06-25,129,6,196,43,58,34,73,52
2024-06-26,142,9,129,21,59,14,73,63
2024-06-27,103,14,84,59,44,20,55,18
2024-06-28,103,21,92,41,56,17,93,26
2024-06-29,141,19,126,31,29,10,40,48
2024-06-30,79,27,76,26,65,12,91,40
2024-07-01,124,28,124,56,55,39,66,30
2024-07-02,57,37,68,49,73,22,33,39
2024-07-03,90,18,192,36,47,38,56,77
2024-07-04,51,21,173,27,38,30,70,31
2024-07-05,145,26,104,44,70,15,42,24
2024-07-06,149,39,155,14,17,38,66,67
2024-07-07,83,36,118,56,47,30,32,58
2024-07-08,55,32,86,41,72,25,67,63
2024-07-09,131,16,70,43,58,20,85,51
2024-07-10,58,34,184,49,52,34,86,25
2024-07-11,103,7,182,16,28,10,22,65
2024-07-12,80,10,88,53,78,21,77,33
2024-07-13,112,11,178,47,41,19,76,58
2024-07-14,300,0,0,15,0,0,0,0
2024-07-15,180,0,0,40,0,0,0,10
2024-07-16,200,60,0,40,0,0,0,35
2024-07-17,200,0,0,40,200,0,0,0
2024-07-18,200,0,300,40,0,0,0,0
2024-07-19,200,0,0,40,0,200,0,0
2024-07-20,0,0,0,20,0,0,0,0
2024-07-21,0,0,0,20,300,0,70,20
2024-07-22,0,0,0,15,0,0,0,0
2024-07-23,220,0,0,10,0,0,0,0
2024-07-24,180,200,0,5,0,0,0,0
2024-07-25,180,0,2800,20,0,0,0,30
2024-07-26,190,0,0,15,0,0,0,0
2024-07-27,190,0,0,40,0,0,0,0
2024-07-28,50,500,0,40,1000,0,0,0
2024-07-29,120,0,0,40,0,0,0,0
2024-07-30,100,0,0,0,0,0,0,0
2024-07-31,200,0,0,0,0,0,0,0
2024-08-01,200,0,0,0,0,0,0,0
2024-08-02,200,0,0,0,0,0,0,0
2024-08-03,160,0,0,40,0,0,0,0
2024-08-04,180,0,0,20,0,0,100,0
2024-08-05,180,35,0,30,0,0,0,0
2024-08-06,200,0,180,20,0,0,0,0
2024-08-07,210,0,0,20,0,0,0,0
2024-08-08,200,0,0,300,0,0,0,0
2024-08-09,200,60,0,0,0,0,0,20
2024-08-10,200,0,0,200,0,0,0,0
2024-08-11,300,0,0,40,0,0,0,0
2024-08-12,100,0,0,40,0,0,0,0
2024-08-13,220,0,60,20,0,300,0,20
2024-08-14,62,19,140,34,47,16,53,79
2024-08-15,56,23,50,57,48,14,74,72
2024-08-16,115,37,96,45,50,23,61,54
2024-08-17,88,36,168,12,27,32,87,57
2024-08-18,45,32,88,21,62,31,21,59
2024-08-19,87,8,96,40,34,30,30,50
2024-08-20,66,26,193,57,37,49,45,70
2024-08-21,92,14,198,17,50,20,94,75
2024-08-22,96,13,177,53,15,14,30,51
2024-08-23,105,21,151,51,24,26,24,44
2024-08-24,140,8,197,31,71,21,96,16
2024-08-25,102,10,166,31,20,22,63,77
2024-08-26,123,33,127,27,75,31,73,20
2024-08-27,139,28,120,57,16,13,32,33
2024-08-28,51,29,134,24,22,48,90,12
2024-08-29,55,29,160,40,29,45,72,66
2024-08-30,71,13,191,10,44,27,22,48
2024-08-31,119,16,71,31,32,25,89,55
